Date,Open,High,Low,Close,Adj Close,Volume
2019-07-23,80,80,80,80,80,0
2019-07-24,80.2636,80.2636,80.2636,80.2636,80.2636,0
2019-07-25,79.925,79.925,79.925,79.925,79.925,0
2019-07-26,79.99,80.12,79.99,80.065,80.065,110
2019-07-29,72.22,72.22,71.85,71.85,71.85,351
2019-07-30,71.93,71.96,71.44,71.44,71.44,42
2019-07-31,71.42,71.63,71.42,71.55,71.55,37
2019-08-01,71.45,72.01,71.45,71.99,71.99,4340
2019-08-02,70.27,70.28,69.64,69.64,69.64,2401
2019-08-05,69.03,69.03,67.95,67.95,67.95,1437
2019-08-06,67.71,68.1,67.5,67.5,67.5,5888
2019-08-07,68.48,68.48,67.56,67.56,67.56,164
2019-08-08,68.45,69.04,68.34,69.01,69.01,6330
2019-08-09,69.23,69.23,68.53,68.53,68.53,1114
2019-08-12,69.12,69.12,68.11,68.11,68.11,342
2019-08-13,68.13,68.94,67.82,68.91,68.91,748
2019-08-14,68.95,68.96,67.86,67.86,67.86,262
2019-08-15,67.92,67.92,67.27,67.73,67.73,1735
2019-08-16,68.14,68.7,68.14,68.7,68.7,355
2019-08-19,69.47,69.49,69.24,69.49,69.49,204
2019-08-20,69.58,69.63,69.31,69.31,69.31,734
2019-08-21,69.62,69.63,69.44,69.63,69.63,231
2019-08-22,69.81,69.81,69.3,69.34,69.34,1255
2019-08-23,69.82,69.82,68.37,68.37,68.37,4250
2019-08-26,68.26,68.6,68.26,68.46,68.46,140
2019-08-27,68.45,68.97,68.45,68.76,68.76,1049
2019-08-28,68.71,68.87,68.43,68.87,68.87,1000
2019-08-29,68.88,69.77,68.88,69.77,69.77,400
2019-08-30,69.95,70.44,69.95,70.24,70.24,57
2019-09-02,70.21,70.46,70.21,70.31,70.31,8
2019-09-03,70.2,70.2,70.06,70.13,70.13,46
2019-09-04,70.7,70.7,70.48,70.55,70.55,771
2019-09-05,71.12,71.38,71.03,71.38,71.38,278
2019-09-06,71.39,71.55,71.31,71.5,71.5,7875
2019-09-09,71.81,71.81,71.5,71.5,71.5,1861
2019-09-10,71.36,71.45,71.21,71.21,71.21,5408
2019-09-11,71.67,72.19,71.67,72.19,72.19,342
2019-09-12,72.43,72.89,72.16,72.36,72.36,5363
2019-09-13,72.22,72.53,72.22,72.42,72.42,6226
2019-09-16,72.03,72.55,72,72.48,72.48,13375
2019-09-17,72.27,72.27,72.14,72.14,72.14,1340
2019-09-18,72.22,72.25,72.03,72.03,72.03,3515
2019-09-19,72,72.63,72,72.62,72.62,5496
2019-09-20,72.37,72.85,72.37,72.73,72.73,13403
2019-09-23,72.61,72.61,72.37,72.37,72.37,948
2019-09-24,72.61,72.63,72.21,72.21,72.21,42659
2019-09-25,71.89,72.08,71.51,72.08,72.08,2962
2019-09-26,72.19,72.61,72.19,72.26,72.26,371
2019-09-27,72.54,72.67,72.45,72.45,72.45,1534
2019-09-30,72.19,72.57,72.19,72.57,72.57,3305
2019-10-01,72.9,72.9,71.91,71.91,71.91,5694
2019-10-02,71.65,71.65,70.1,70.1,70.1,2419
2019-10-04,70.54,71.08,70.34,71.08,71.08,4612
2019-10-07,71.09,71.34,71.02,71.34,71.34,15234
2019-10-08,71.34,71.34,70.5,70.51,70.51,2479
2019-10-09,70.4,70.79,70.4,70.7,70.7,5578
2019-10-10,70.62,71.23,70.39,71.23,71.23,2953
2019-10-11,71.43,72.29,71.42,72.29,72.29,1679
2019-10-14,71.98,71.98,71.58,71.89,71.89,339
2019-10-15,72.16,72.44,72.09,72.44,72.44,843
2019-10-16,72.37,72.41,72.21,72.21,72.21,665
2019-10-17,72.08,72.34,72.05,72.05,72.05,392
2019-10-18,71.96,71.98,71.73,71.73,71.73,348
2019-10-21,71.75,72.1,71.75,72.07,72.07,1297
2019-10-22,72.2,72.31,72.19,72.28,72.28,508
2019-10-23,72.02,72.27,72,72.27,72.27,762
2019-10-24,72.43,72.7,72.41,72.7,72.7,1043
2019-10-25,72.64,72.99,72.39,72.98,72.98,445
2019-10-28,73.08,73.34,72.99,73.24,73.24,1872
2019-10-29,73.32,73.32,73.09,73.22,73.22,1664
2019-10-30,73.07,73.13,72.9,73,73,8927
2019-10-31,73.11,73.11,72.61,72.63,72.63,938
2019-11-01,73,73.4,72.97,73.3,73.3,2573
2019-11-04,73.71,74.07,73.71,74,74,3691
2019-11-05,74.18,74.49,74.11,74.44,74.44,8995
2019-11-06,74.37,74.43,74.16,74.43,74.43,4773
2019-11-07,74.78,75.06,74.71,75.02,75.02,1602
2019-11-08,74.74,74.9,74.68,74.85,74.85,3458
2019-11-11,74.59,74.77,74.48,74.65,74.65,5172
2019-11-12,74.89,75.21,74.8,75.1,75.1,1591
2019-11-13,74.86,74.87,74.34,74.84,74.84,1059
2019-11-14,74.82,74.9,74.68,74.68,74.68,876
2019-11-15,75.07,75.07,74.84,75.07,75.07,2845
2019-11-18,75.48,75.48,74.82,74.97,74.97,6623
2019-11-19,75.21,75.38,74.89,74.94,74.94,5183
2019-11-20,74.77,74.99,74.65,74.88,74.88,2489
2019-11-21,74.49,74.65,74.34,74.5,74.5,2951
2019-11-22,74.72,74.93,74.72,74.85,74.85,3522
2019-11-25,75.32,75.62,75.32,75.62,75.62,2709
2019-11-26,75.56,75.71,75.55,75.66,75.66,2700
2019-11-27,75.98,76.09,75.89,76,76,6024
2019-11-28,75.92,76.01,75.84,75.97,75.97,2075
2019-11-29,75.8,75.9,75.61,75.61,75.61,8463
2019-12-02,75.84,75.97,74.45,74.45,74.45,4573
2019-12-03,74.81,74.81,73.68,73.87,73.87,5012
2019-12-04,74.12,74.73,74.09,74.73,74.73,2588
2019-12-05,74.88,74.96,74.53,74.53,74.53,4433
2019-12-06,74.82,75.71,74.78,75.71,75.71,5628
2019-12-09,75.58,75.58,75.41,75.45,75.45,3072
2019-12-10,75.28,75.28,74.79,75.2,75.2,8869
2019-12-11,75.32,75.36,75.13,75.27,75.27,3129
2019-12-12,75.32,75.94,75.14,75.76,75.76,6244
2019-12-13,75.91,76.14,75.74,75.86,75.86,8979
2019-12-16,76.27,76.75,76.27,76.69,76.69,3483
2019-12-17,76.61,76.65,76.42,76.51,76.51,3899
2019-12-18,76.6,76.84,76.6,76.74,76.74,693
2019-12-19,76.71,76.88,76.68,76.86,76.86,4924
2019-12-20,76.96,77.58,76.95,77.58,77.58,5385
2019-12-23,77.47,77.71,77.47,77.47,77.47,8116
2019-12-27,78.08,78.08,77.4,77.5,77.5,41223
2019-12-30,77.6,77.6,77.14,77.28,77.28,2947
2020-01-02,77.22,77.76,77.22,77.4,77.4,11368
2020-01-03,77.22,77.57,77,77.35,77.35,4672
2020-01-06,77.01,77.27,76.5,77.1,77.1,7261
2020-01-07,77.44,77.65,77.32,77.59,77.59,4719
2020-01-08,77.28,77.8,77.17,77.8,77.8,5268
2020-01-09,78.41,78.71,78.21,78.4,78.4,3278
2020-01-10,78.83,78.83,78.38,78.38,78.38,5602
2020-01-13,78.4,78.58,78.23,78.35,78.35,4355
2020-01-14,78.48,78.8,78.2,78.62,78.62,5747
2020-01-15,78.61,78.89,78.3,78.58,78.58,6902
2020-01-16,78.71,78.94,78.6,78.91,78.91,4250
2020-01-17,79.25,79.65,79.25,79.54,79.54,3784
2020-01-20,79.53,79.79,79.48,79.62,79.62,13362
2020-01-21,79.08,79.41,78.91,79.37,79.37,6305
2020-01-22,79.66,79.8,79.5,79.53,79.53,6029
2020-01-23,79.21,79.32,78.83,79.19,79.19,8719
2020-01-24,79.74,79.99,79.54,79.54,79.54,3175
2020-01-27,78.24,78.29,77.5,77.69,77.69,13618
2020-01-28,78.12,78.58,77.7,78.51,78.51,6634
2020-01-29,78.68,79.01,78.5,78.78,78.78,14862
2020-01-30,77.79,78,77.5,77.8,77.8,9179
2020-01-31,78.17,78.17,76.73,76.79,76.79,16880
2020-02-03,77.13,77.78,76.93,77.27,77.27,11548
2020-02-04,77.94,78.88,77.94,78.86,78.86,12628
2020-02-05,78.57,79.72,78.57,79.53,79.53,8914
2020-02-06,80.2,80.39,79.9,80.1,80.1,4740
2020-02-07,80.02,80.29,79.62,79.95,79.95,3903
2020-02-10,79.83,80.22,79.68,80.19,80.19,7397
2020-02-11,80.85,81.1,80.66,80.89,80.89,5947
2020-02-12,81.05,81.43,80.94,81.37,81.37,14786
2020-02-13,81.15,81.61,80.87,81.61,81.61,3709
2020-02-14,81.71,81.78,81.37,81.52,81.52,4128
2020-02-17,81.84,81.89,81.66,81.83,81.83,6701
2020-02-18,81.22,81.57,81.19,81.3,81.3,7220
2020-02-19,81.82,82.11,81.77,82.11,82.11,5188
2020-02-20,82.01,82.01,81.12,81.12,81.12,3512
2020-02-21,81.17,81.26,80.29,80.6,80.6,8122
2020-02-24,79.13,79.13,77.87,77.94,77.94,49064
2020-02-25,78.52,78.52,76.66,76.73,76.73,37803
2020-02-26,76.11,76.87,74.86,76.5,76.5,28321
2020-02-27,74.72,74.91,72.43,73.37,73.37,22813
2020-02-28,70.63,71.19,69.5,70.44,70.44,29972
2020-03-02,71.05,71.44,69.5,71.38,71.38,17081
2020-03-03,72.53,73.78,71.9,72.01,72.01,28492
2020-03-04,72.02,73.11,71.85,72.64,72.64,18807
2020-03-05,73.25,73.41,71.58,72.12,72.12,9284
2020-03-06,70.56,70.56,68.3,68.99,68.99,24900
2020-03-09,65,66.05,63.4,64.26,64.26,21192
2020-03-10,65.39,67.12,63.8,64.33,64.33,33575
2020-03-11,65.29,65.99,64.28,64.64,64.64,400494
2020-03-12,61.09,61.65,58.56,58.56,58.56,34173
2020-03-13,60.17,62.19,58.72,59.71,59.71,44849
2020-03-16,58.54,59.09,55,57.83,57.83,34528
2020-03-17,59.16,59.32,55.7,58.79,58.79,23019
2020-03-18,57.5,57.5,55.35,56.18,56.18,23628
2020-03-19,56.65,58.62,55.55,57.85,57.85,19137
2020-03-20,59.42,60.72,58,58.12,58.12,68244
2020-03-23,54.96,57.33,54,54.66,54.66,59896
2020-03-24,57.26,59.38,56.82,59.26,59.26,45479
2020-03-25,60.35,61.24,58.73,60.88,60.88,59354
2020-03-26,59.34,62.05,58.84,62.03,62.03,29970
2020-03-27,61.26,61.48,59.95,60.33,60.33,21787
2020-03-30,60.41,61.54,59.45,61.47,61.47,29840
2020-03-31,62.17,62.6,61.4,62.49,62.49,31704
2020-04-01,60.1,60.41,59.55,60.03,60.03,29118
2020-04-02,60.22,60.99,59.2,60.65,60.65,24157
2020-04-03,60.64,61.26,60.31,60.31,60.31,23922
2020-04-06,62.42,62.99,62.27,62.92,62.92,45750
2020-04-07,64.72,65.52,64.17,64.81,64.81,67157
2020-04-08,63.72,64.76,63.3,64.76,64.76,29153
2020-04-09,65.79,66.31,64.29,65.8,65.8,210005
2020-04-14,66.46,66.8,66,66.33,66.33,23486
2020-04-15,66.6,66.6,65.02,65.2,65.2,29748
2020-04-16,66.18,66.2,65.2,66,66,10310
2020-04-17,67.69,68.11,66.75,66.9,66.9,16310
2020-04-20,67.42,67.53,66.45,67.53,67.53,23488
2020-04-21,66.66,66.66,64.65,64.69,64.69,33138
2020-04-22,65.61,66.33,65.35,66.26,66.26,18433
2020-04-23,66.68,67.39,66.33,67.17,67.17,6032
2020-04-24,66.48,66.96,66.42,66.47,66.47,4859
2020-04-27,67.5,67.95,67.39,67.95,67.95,15664
2020-04-28,68.08,69,67.99,68.45,68.45,10295
2020-04-29,68.74,69.67,68.54,69.58,69.58,10386
2020-04-30,69.97,70.12,68.38,68.38,68.38,31011
2020-05-04,66.14,66.4,65.72,66.28,66.28,22850
2020-05-05,67.34,68.25,67.28,68.22,68.22,36246
2020-05-06,68.32,68.61,67.9,67.95,67.95,12697
2020-05-07,68.36,68.75,68.1,68.68,68.68,7473
2020-05-08,69.1,69.2,68.94,69.1,69.1,9351
2020-05-11,69.62,69.9,68.75,69.25,69.25,12229
2020-05-12,68.99,69.57,68.99,69.22,69.22,18500
2020-05-13,68.26,68.53,67.66,67.66,67.66,15419
2020-05-14,67.25,67.41,66.1,67.02,67.02,17687
2020-05-15,68,68.06,67,67.26,67.26,11373
2020-05-18,68.5,69.74,68.48,69.71,69.71,9796
2020-05-19,69.7,69.7,68.89,69.45,69.45,5368
2020-05-20,69.06,69.79,68.95,69.73,69.73,37218
2020-05-21,69.07,69.57,68.96,69.11,69.11,15417
2020-05-22,68.47,69.43,68.38,69.09,69.09,14865
2020-05-25,69.81,70.4,69.7,70.36,70.36,10688
2020-05-26,70.8,71.21,70.43,70.47,70.47,13104
2020-05-27,70.79,71.2,69.7,70.27,70.27,22067
2020-05-28,71.07,71.22,70.85,71.11,71.11,10443
2020-05-29,70.3,70.42,69.8,69.84,69.84,15037
2020-06-02,71.2,71.64,71.05,71.32,71.32,23112
2020-06-03,71.92,72.67,71.75,72.53,72.53,13940
2020-06-04,72.44,72.44,71.62,71.78,71.78,7119
2020-06-05,72.03,73.83,72.01,73.83,73.83,30176
2020-06-08,73.44,73.98,73.32,73.82,73.82,12876
2020-06-09,74.26,74.69,73.15,73.32,73.32,9796
2020-06-10,73.65,73.89,72.99,73.1,73.1,21325
2020-06-11,71.92,71.92,70.46,70.46,70.46,21738
2020-06-12,70,71.29,70,70.65,70.65,21085
2020-06-15,68.94,70.21,68.53,69.96,69.96,19593
2020-06-16,71.27,72.86,71.27,72.16,72.16,24872
2020-06-17,72.31,72.9,72.31,72.63,72.63,6097
2020-06-18,72.2,72.72,71.88,72.34,72.34,4674
2020-06-19,72.68,73.1,72.59,72.94,72.94,11217
2020-06-22,72.09,72.45,71.81,72.05,72.05,32695
2020-06-23,72.46,72.89,72.46,72.73,72.73,12439
2020-06-24,72.44,72.49,71.03,71.03,71.03,18539
2020-06-25,70.81,71.45,70.37,71.26,71.26,14482
2020-06-26,71.99,72.15,70.85,70.95,70.95,9935
2020-06-29,70.63,71.09,70.2,71.04,71.04,22320
2020-06-30,71.45,71.68,71.04,71.52,71.52,10855
2020-07-01,71.87,72.31,71.52,71.87,71.87,205057
2020-07-02,72.8,73.3,72.44,73.11,73.11,4601
2020-07-03,73.32,73.33,72.65,72.77,72.77,4257
2020-07-06,73.83,73.9,73.5,73.81,73.81,28537
2020-07-07,73.56,73.82,73.2,73.69,73.69,18969
2020-07-08,73.53,73.57,72.96,73.05,73.05,15234
2020-07-09,73.43,73.73,72.62,72.85,72.85,16538
2020-07-10,72.88,73.39,72.81,73.39,73.39,8091
2020-07-13,74.18,74.48,73.9,74.46,74.46,8758
2020-07-14,73.32,73.57,72.36,73,73,15002
2020-07-15,73.87,74.4,73.6,74.05,74.05,10224
2020-07-16,73.58,73.7,73.35,73.45,73.45,7457
2020-07-17,73.78,74.02,73.47,73.72,73.72,12151
2020-07-20,73.33,74.18,73.16,74.13,74.13,25915
2020-07-21,74.84,75.2,74.58,74.65,74.65,15924
2020-07-22,74.18,74.27,73.55,73.8,73.8,17163
2020-07-23,74.21,74.48,73.75,73.87,73.87,15544
2020-07-24,72.58,72.96,72.36,72.53,72.53,20427
2020-07-27,72.38,72.5,72.09,72.1,72.1,19163
2020-07-28,72.59,72.75,72.2,72.63,72.63,6470
2020-07-29,72.34,72.61,72.25,72.5,72.5,6342
2020-07-30,72.44,72.73,71.25,71.76,71.76,9681
2020-07-31,71.64,72.09,71.17,71.37,71.37,8975
2020-08-03,72.49,73.03,71.98,72.96,72.96,27153
2020-08-04,73.43,73.43,72.6,73.01,73.01,18359
2020-08-05,73.25,73.4,72.94,73.03,73.03,28250
2020-08-06,73.02,73.3,72.8,73.01,73.01,6999
2020-08-07,73.19,73.61,73.05,73.52,73.52,6680
2020-08-10,73.67,73.94,73.4,73.71,73.71,8535
2020-08-11,74.33,74.68,74.2,74.42,74.42,10777
2020-08-12,74.39,74.78,74.17,74.7,74.7,12504
2020-08-13,74.41,74.66,74.24,74.45,74.45,7069
2020-08-14,74.45,74.45,73.88,74.17,74.17,11763
2020-08-17,74.17,74.38,74,74.31,74.31,5476
2020-08-18,74.03,74.38,73.71,73.99,73.99,17051
2020-08-19,74.01,74.38,73.97,74.38,74.38,10071
2020-08-20,73.9,74,73.67,73.96,73.96,20152
2020-08-21,74.24,74.68,74.05,74.48,74.48,7554
2020-08-24,75.01,75.3,75,75.2,75.2,15002
2020-08-25,75.71,75.87,75.2,75.31,75.31,12753
2020-08-26,75.48,75.93,75.48,75.89,75.89,5950
2020-08-27,76.03,76.47,75.81,76.29,76.29,8499
2020-08-28,76.09,76.09,75.67,75.81,75.81,12279
2020-08-31,76.21,76.27,75.29,75.33,75.33,10409
2020-09-01,75.6,75.83,75.1,75.62,75.62,16031
2020-09-02,76.4,77.11,76.4,76.81,76.81,13722
2020-09-03,77.65,77.68,75.1,75.38,75.38,29369
2020-09-04,74.79,75.79,73.6,74.07,74.07,24806
2020-09-07,74.46,75.22,74.4,75.07,75.07,36016
2020-09-08,75.26,75.32,73.47,73.84,73.84,12776
2020-09-09,73.72,74.68,73.7,74.67,74.67,13491
2020-09-10,74.92,74.92,74.06,74.33,74.33,6528
2020-09-11,74.11,74.3,73.7,73.94,73.94,9024
2020-09-14,74.58,74.9,74.13,74.54,74.54,13937
2020-09-15,74.56,75.29,74.49,75.22,75.22,12962
2020-09-16,75.22,75.48,75.19,75.47,75.47,5312
2020-09-17,74.36,74.79,74.1,74.53,74.53,14043
2020-09-18,74.41,74.64,73.96,73.96,73.96,12209
2020-09-21,73.58,73.58,72.31,72.4,72.4,34423
2020-09-22,73.11,73.42,73,73.17,73.17,19557
2020-09-23,73.94,74.27,73.71,73.71,73.71,6820
2020-09-24,72.68,73.01,72.35,72.83,72.83,15643
2020-09-25,72.93,73.31,72.37,73.18,73.18,8981
2020-09-28,74.27,74.85,74.26,74.7,74.7,8144
2020-09-29,74.99,74.99,74.07,74.08,74.08,6095
2020-09-30,73.96,74.94,73.69,74.62,74.62,6529
2020-10-01,74.94,75.1,74.62,74.79,74.79,10234
2020-10-02,74.13,74.72,73.8,74.57,74.57,31839
2020-10-05,74.94,75.07,74.67,74.98,74.98,36142
2020-10-06,75.22,75.38,74.98,75.23,75.23,12402
2020-10-07,75.17,75.48,75.01,75.44,75.44,8633
2020-10-08,76,76.29,75.79,76.01,76.01,17236
2020-10-09,76.3,76.39,76.01,76.31,76.31,5576
2020-10-12,76.6,77.4,76.55,77.3,77.3,11887
2020-10-13,77.34,77.6,77.23,77.47,77.47,15440
2020-10-14,77.47,77.76,77.15,77.25,77.25,6658
2020-10-15,76.55,76.78,76,76.41,76.41,13464
2020-10-16,76.82,77.28,76.69,77.05,77.05,4797
2020-10-19,77.28,77.4,76.3,76.46,76.46,7610
2020-10-20,76.04,76.27,75.68,75.71,75.71,25612
2020-10-21,75.85,76.08,75.29,75.44,75.44,6393
2020-10-22,75.15,75.69,75,75.44,75.44,7570
2020-10-23,76.14,76.14,75.66,75.66,75.66,5840
2020-10-26,75.04,75.43,74.6,74.6,74.6,16643
2020-10-27,74.89,75.07,74.49,74.6,74.6,9249
2020-10-28,74.33,74.33,72.85,73.08,73.08,34813
2020-10-29,73.5,73.72,72.68,73.6,73.6,27918
2020-10-30,72.6,73.51,72.35,73.18,73.18,16299
2020-11-02,73.41,74.34,73.25,74.05,74.05,18786
2020-11-03,74.39,75.2,74.35,75.14,75.14,15880
2020-11-04,74.76,76.9,74.5,76.9,76.9,16449
2020-11-05,77.22,77.56,76.95,77.4,77.4,63966
2020-11-06,77.07,77.24,76.39,76.98,76.98,10624
2020-11-09,77.98,80.49,77.95,79.6,79.6,52751
2020-11-10,78.81,78.95,78.03,78.5,78.5,15827
2020-11-11,78.79,79.6,78.77,79.51,79.51,14336
2020-11-12,78.98,79.21,78.83,78.96,78.96,12306
2020-11-13,78.79,79.11,78.72,78.92,78.92,12845
2020-11-16,79.69,80.27,79.61,80.13,80.13,17382
2020-11-17,80.04,80.13,79.38,79.85,79.85,21793
2020-11-18,79.56,80.18,79.54,80.07,80.07,21376
2020-11-19,79.41,79.54,79.04,79.38,79.38,14805
2020-11-20,79.32,79.76,79.3,79.74,79.74,35607
2020-11-23,79.86,80.14,79.6,79.75,79.75,17284
2020-11-24,80.5,80.8,80.3,80.78,80.78,34604
2020-11-25,80.77,80.8,80.3,80.51,80.51,33476
2020-11-26,80.67,80.75,80.59,80.65,80.65,26982
2020-11-27,80.58,80.88,80.52,80.71,80.71,16540
2020-11-30,79.96,80.28,79.6,79.71,79.71,31754
2020-12-01,80.53,80.86,80.36,80.45,80.45,31714
2020-12-02,80,80.21,79.72,80.08,80.08,26563
2020-12-03,80.36,80.36,79.9,80.2,80.2,55534
2020-12-04,80.27,80.68,80.19,80.68,80.68,23764
2020-12-07,80.65,80.74,80.27,80.66,80.66,74000
2020-12-08,80.66,80.84,80.24,80.84,80.84,21260
2020-12-09,81.04,81.35,81,81.03,81.03,44748
2020-12-10,80.65,80.78,79.97,80.61,80.61,39877
2020-12-11,80.43,80.46,79.73,80.1,80.1,15582
2020-12-14,80.61,80.87,80.48,80.48,80.48,13564
2020-12-15,80.22,80.55,80.2,80.4,80.4,20684
2020-12-16,80.9,81.02,80.53,80.93,80.93,43809
2020-12-17,81.06,81.12,80.84,80.9,80.9,22458
2020-12-18,80.82,81.08,80.68,80.76,80.76,19432
2020-12-21,80.6,80.76,79,79.83,79.83,82200
2020-12-22,80.06,80.6,80.06,80.4,80.4,22411
2020-12-23,80.67,80.92,80.51,80.85,80.85,41168
2020-12-28,81.14,81.49,81.04,81.28,81.28,26841
2020-12-29,81.63,81.77,81.28,81.4,81.4,48811
2020-12-30,81.87,81.87,81.41,81.42,81.42,22732
2021-01-04,82.39,82.54,80.89,81.01,81.01,62930
2021-01-05,81.15,81.65,80.85,81.31,81.31,80760
2021-01-06,81.27,82.5,80.88,82.35,82.35,35586
2021-01-07,82.39,83.12,82.2,82.92,82.92,24690
2021-01-08,83.81,83.86,83.5,83.67,83.67,40085
2021-01-11,83.88,84.07,83.58,83.93,83.93,25691
2021-01-12,84.03,84.24,83.8,83.97,83.97,33188
2021-01-13,83.94,84.18,83.7,84.14,84.14,15067
2021-01-14,84.47,84.93,84.38,84.68,84.68,17212
2021-01-15,84.16,84.33,83.5,84.01,84.01,35346
2021-01-18,83.92,84.19,83.85,84.16,84.16,71884
2021-01-19,84.59,84.6,84.11,84.18,84.18,28470
2021-01-20,84.77,85.4,84.48,85.3,85.3,42861
2021-01-21,85.75,85.75,85.18,85.28,85.28,37040
2021-01-22,84.76,85.02,84.25,84.62,84.62,18627
2021-01-25,85.25,85.4,84.26,84.65,84.65,35129
2021-01-26,84.75,85.25,84.74,84.89,84.89,24252
2021-01-27,84.59,84.91,83.5,83.9,83.9,46994
2021-01-28,82.77,84.07,82.08,83.93,83.93,67332
2021-01-29,82.5,83.13,82.23,82.23,82.23,58348
2021-02-01,82.74,83.4,82.74,83.39,83.39,45615
2021-02-02,84.28,85.28,84.25,85.22,85.22,40163
2021-02-03,85.66,85.95,85.18,85.34,85.34,66980
2021-02-04,85.41,86.06,85.38,86.04,86.04,37822
2021-02-05,86.5,86.73,86.07,86.36,86.36,60370
2021-02-08,86.62,86.82,86.5,86.63,86.63,67228
2021-02-09,86.66,86.8,86.31,86.64,86.64,44379
2021-02-10,86.8,87,86.02,86.43,86.43,28589
2021-02-11,86.74,86.94,86.68,86.91,86.91,83661
2021-02-12,86.72,87.21,86.56,87.16,87.16,19078
2021-02-15,87.63,87.98,87.59,87.91,87.91,67506
2021-02-16,87.96,88.18,87.6,87.68,87.68,44263
2021-02-17,87.71,88,87.36,87.36,87.36,35610
2021-02-18,87.48,87.56,86.54,86.76,86.76,63025
2021-02-19,86.81,87.28,86.7,87.2,87.2,30352
2021-02-22,86.19,86.29,85.89,86.14,86.14,74131
2021-02-23,86.21,86.47,84.5,85.52,85.52,46683
2021-02-24,85.57,86.23,85.43,86.14,86.14,31716
2021-02-25,86.41,86.58,85.25,85.33,85.33,26407
2021-02-26,84.11,84.89,83.7,84.62,84.62,40471
2021-03-01,85.46,86.38,85.38,86.35,86.35,67997
2021-03-02,86.17,86.53,85.78,85.8,85.8,43938
2021-03-03,86.32,86.47,85.29,85.75,85.75,44106
2021-03-04,85.01,85.44,84.5,85.17,85.17,31703
2021-03-05,84.52,85.73,84.08,84.3,84.3,107294
2021-03-08,85.39,86.77,85.2,86.53,86.53,49884
2021-03-09,86.06,87.12,86,87,87,54802
2021-03-10,86.6,87.3,86.6,87.13,87.13,43306
2021-03-11,87.5,87.89,87.33,87.88,87.88,13320
2021-03-12,87.39,87.66,87.28,87.4,87.4,44265
2021-03-15,87.83,88.17,87.53,87.8,87.8,42823
2021-03-16,88.4,88.84,88.2,88.66,88.66,35326
2021-03-17,88.52,88.59,87.82,88.05,88.05,30516
2021-03-18,88.31,88.46,87.96,88.3,88.3,35607
2021-03-19,87.68,88.1,87.29,87.81,87.81,45547
2021-03-22,87.47,87.97,87.41,87.93,87.93,53055
2021-03-23,87.7,88.18,87.52,88.01,88.01,34204
2021-03-24,87.48,87.95,87.45,87.79,87.79,19489
2021-03-25,87.25,87.59,86.62,87.58,87.58,36385
2021-03-26,88.47,88.47,87.91,88.32,88.32,17668
2021-03-29,88.65,89,88.5,88.69,88.69,54339
2021-03-30,89.2,89.25,88.82,89.19,89.19,50377
2021-03-31,89.1,89.52,88.83,89.48,89.48,24613
2021-04-01,89.65,90.14,89.56,90,90,75470
2021-04-06,90.59,90.73,90.33,90.6,90.6,146683
2021-04-07,90.22,90.33,89.85,89.97,89.97,53423
2021-04-08,90.58,90.65,90.24,90.44,90.44,44008
2021-04-09,90.49,90.8,90.43,90.58,90.58,49789
2021-04-12,90.57,90.73,90.4,90.42,90.42,60137
2021-04-13,90.73,90.85,90.38,90.61,90.61,31116
2021-04-14,90.72,90.99,90.65,90.77,90.77,36176
2021-04-15,90.71,91.29,90.68,91.23,91.23,59629
2021-04-16,91.26,91.59,91.13,91.46,91.46,38337
2021-04-19,91.48,91.58,90.76,90.86,90.86,58593
2021-04-20,90.75,90.85,89.62,89.65,89.65,89657
2021-04-21,90.01,90.4,89.82,90.31,90.31,60737
2021-04-22,90.62,91.02,90.5,91.02,91.02,30131
2021-04-23,90.35,90.8,90.08,90.75,90.75,35910
2021-04-26,90.66,91.13,90.46,90.95,90.95,35671
2021-04-27,91.06,91.15,90.62,90.86,90.86,33690
2021-04-28,91.09,91.24,90.83,90.89,90.89,29647
2021-04-29,91.19,92,90.62,90.67,90.67,39211
2021-04-30,90.75,90.89,90.5,90.79,90.79,43827
2021-05-03,90.91,91.18,90.68,90.92,90.92,101886
2021-05-04,91,91.17,89.73,89.9,89.9,59801
2021-05-05,90.71,91.08,90.65,91.07,91.07,74003
2021-05-06,90.95,91.03,90.1,90.63,90.63,39220
2021-05-07,91.12,91.39,90.81,91.28,91.28,28472
2021-05-10,91.21,91.28,90.82,91.01,91.01,59635
2021-05-11,89.9,89.9,88.6,89.34,89.34,126123
2021-05-12,89.47,89.61,88.87,88.87,88.87,57234
2021-05-13,87.99,89.25,87.51,88.98,88.98,55856
2021-05-14,89.3,89.8,89.09,89.8,89.8,115062
2021-05-17,89.77,89.88,89.26,89.45,89.45,78302
2021-05-18,90.08,90.09,89.4,89.63,89.63,57539
2021-05-19,88.36,88.56,87.62,88.12,88.12,64745
2021-05-20,88.87,89.61,88.35,89.61,89.61,59372
2021-05-21,89.64,90.29,89.56,89.96,89.96,27457
2021-05-25,90.51,90.56,90.14,90.14,90.14,41172
2021-05-26,90.43,90.53,90.14,90.47,90.47,25940
2021-05-27,90.39,90.92,90.29,90.79,90.79,32817
2021-05-28,91.05,91.45,91,91.17,91.17,48979
2021-05-31,91.13,91.16,90.6,90.68,90.68,51237
2021-06-01,91.08,91.55,90.82,91.02,91.02,78515
2021-06-02,91.16,91.47,90.99,91.37,91.37,71028
2021-06-03,91.36,91.65,90.7,91.5,91.5,33963
2021-06-04,91.52,91.86,91.4,91.78,91.78,19193
2021-06-07,91.84,92.06,91.59,91.59,91.59,78340
2021-06-08,91.91,92.07,91.56,91.65,91.65,46108
2021-06-09,91.73,91.84,91.56,91.77,91.77,34748
2021-06-10,91.84,92.26,91.58,92.09,92.09,27436
2021-06-11,92.05,92.88,92.03,92.63,92.63,30581
2021-06-14,92.93,93,92.54,92.57,92.57,46099
2021-06-15,92.95,93.2,92.53,92.53,92.53,77820
2021-06-16,92.72,92.85,92.52,92.76,92.76,27058
2021-06-17,92.83,93.69,92.83,93.6,93.6,59521
2021-06-18,93.62,93.66,92.74,92.84,92.84,38255
2021-06-21,92.54,93.15,92.22,93.15,93.15,63408
2021-06-22,93.42,93.55,93.1,93.55,93.55,23766
2021-06-23,93.81,93.88,93.27,93.35,93.35,39318
2021-06-24,93.61,94.11,93.58,93.99,93.99,20985
2021-06-25,94.08,94.37,93.93,94.22,94.22,43591
2021-06-28,94.32,94.64,94.15,94.17,94.17,56785
2021-06-29,94.48,94.79,94.38,94.56,94.56,42599
2021-06-30,94.67,94.83,94.15,94.65,94.65,33493
2021-07-01,94.9,95.2,94.44,94.78,94.78,74874
2021-07-02,95.03,95.37,94.94,95.22,95.22,29924
2021-07-05,95.55,95.55,95.06,95.39,95.39,89682
2021-07-06,95.3,95.66,94.93,95.1,95.1,59900
2021-07-07,95.44,95.86,95.3,95.65,95.65,55426
2021-07-08,95.03,95.07,93.6,94.18,94.18,87710
2021-07-09,94.72,95.31,94.6,95.29,95.29,52534
2021-07-12,95.35,95.64,94.89,95.57,95.57,42302
2021-07-13,95.77,96.19,95.7,96.14,96.14,31859
2021-07-14,95.89,96.28,95.8,95.84,95.84,31743
2021-07-15,95.79,95.99,95.36,95.65,95.65,76190
2021-07-16,95.57,95.82,95.1,95.26,95.26,38890
2021-07-19,94.81,94.81,92.85,93.41,93.41,95331
2021-07-20,94.04,94.72,93.59,94.59,94.59,96049
2021-07-21,94.83,95.22,94.7,95.16,95.16,31646
2021-07-22,95.68,95.82,95.25,95.67,95.67,17639
2021-07-23,96.06,96.42,95.98,96.42,96.42,43002
2021-07-26,95.91,96.03,95.52,96.01,96.01,63283
2021-07-27,95.71,96,94.85,94.85,94.85,45454
2021-07-28,95.34,95.84,95.27,95.78,95.78,40575
2021-07-29,95.77,95.92,95.6,95.87,95.87,21543
2021-07-30,94.96,95.61,94.78,95.36,95.36,40953
2021-08-02,95.89,96,95.52,95.79,95.79,61760
2021-08-03,95.62,95.88,95.14,95.62,95.62,37273
2021-08-04,96.07,96.29,95.67,96.07,96.07,61126
2021-08-05,96.13,96.62,96.07,96.62,96.62,72877
2021-08-06,96.56,97.02,96.43,96.91,96.91,28110
2021-08-09,96.9,97.12,96.82,97.12,97.12,41789
2021-08-10,97.27,97.66,97.22,97.43,97.43,57435
2021-08-11,97.55,97.83,97.35,97.47,97.47,46583
2021-08-12,97.47,97.66,97.3,97.56,97.56,38765
2021-08-13,97.68,97.79,97.31,97.38,97.38,37322
2021-08-16,97,97.35,96.68,97,97,87761
2021-08-17,96.85,97.29,96.68,97.17,97.17,38192
2021-08-18,97.31,97.42,97.01,97.2,97.2,34683
2021-08-19,95.77,96.26,95.21,96.02,96.02,78807
2021-08-20,95.88,96.7,95.45,96.58,96.58,70234
2021-08-23,96.97,97.33,96.63,97.28,97.28,37537
2021-08-24,97.65,97.75,97.32,97.67,97.67,25786
2021-08-25,97.77,97.82,97.56,97.74,97.74,30159
2021-08-26,97.37,97.61,97.14,97.3,97.3,36050
2021-08-27,97.24,97.72,97.2,97.71,97.71,42722
2021-08-30,97.73,98.1,97.71,98.1,98.1,40737
2021-08-31,98.22,98.28,97.65,98.15,98.15,52584
2021-09-01,98.51,98.63,98,98.19,98.19,98824
2021-09-02,98.11,98.41,98.06,98.35,98.35,34036
2021-09-03,98.25,98.43,97.85,98.21,98.21,60365
2021-09-06,98.52,98.9,98.5,98.87,98.87,72188
2021-09-07,98.67,98.69,98.3,98.42,98.42,74517
2021-09-08,98.18,98.55,97.84,98.01,98.01,40832
2021-09-09,97.52,98.49,97.45,98.12,98.12,36255
2021-09-10,98.13,98.42,97.58,97.72,97.72,39328
2021-09-13,97.98,98.27,97.5,97.61,97.61,54977
2021-09-14,97.6,97.82,97.2,97.44,97.44,43936
2021-09-15,97.36,97.41,96.95,97.13,97.13,65297
2021-09-16,97.6,97.92,97.32,97.48,97.48,35184
2021-09-17,97.98,98,97.15,97.17,97.17,48235
2021-09-20,96.21,96.31,95.13,95.41,95.41,111229
2021-09-21,96.13,96.52,95.56,96.17,96.17,57083
2021-09-22,96.38,96.76,96.08,96.76,96.76,40546
2021-09-23,97.21,97.84,96.98,97.54,97.54,53408
2021-09-24,97.25,97.53,96.95,97.24,97.24,22517
2021-09-27,98.01,98.03,97.22,97.48,97.48,35355
2021-09-28,97.18,97.48,95.67,95.73,95.73,51875
2021-09-29,96.07,96.73,96,96.37,96.37,47544
2021-09-30,96.94,97,96.25,96.39,96.39,76535
2021-10-01,95.5,96,94.7,95.75,95.75,101716
2021-10-04,95.61,95.82,94.49,94.55,94.55,57069
2021-10-05,95.17,96.33,95.02,96.21,96.21,82417
2021-10-06,95.38,95.8,94.7,95.45,95.45,39163
2021-10-07,96.89,97.72,96.71,97.59,97.59,36572
2021-10-08,97.4,97.5,97.03,97.19,97.19,37872
2021-10-11,96.93,97.54,96.78,97.46,97.46,41780
2021-10-12,95.98,97.05,95.9,96.84,96.84,37146
2021-10-13,96.41,96.97,96.29,96.6,96.6,51883
2021-10-14,97.33,98.07,97.17,98.06,98.06,26825
2021-10-15,98.44,98.91,98.28,98.86,98.86,55729
2021-10-18,98.69,98.91,98.24,98.83,98.83,35518
2021-10-19,98.97,99.37,98.85,99.35,99.35,26172
2021-10-20,99.26,99.76,99.25,99.67,99.67,66802
2021-10-21,99.18,99.64,99.14,99.37,99.37,42108
2021-10-22,99.7,100.12,99.54,99.54,99.54,32118
2021-10-25,99.75,100.2,99.59,100.18,100.18,51447
2021-10-26,100.64,101,100.52,100.8,100.8,126209
2021-10-27,100.48,100.52,100.1,100.28,100.28,53249
2021-10-28,99.96,100.28,99.69,99.93,99.93,49364
2021-10-29,99.5,100.74,99.42,100.7,100.7,39798
2021-11-01,101.08,101.3,100.86,101.02,101.02,79915
2021-11-02,100.76,101.26,100.74,101.22,101.22,56558
2021-11-03,101.18,101.3,101.04,101.16,101.16,43807
2021-11-04,102.1,102.44,102,102.16,102.16,47013
2021-11-05,102.16,103.58,102.16,102.6,102.6,64991
2021-11-08,102.42,102.7,102.3,102.46,102.46,47001
2021-11-09,102.18,102.58,101.84,102.08,102.08,50773
2021-11-10,102.34,102.66,101.92,102.54,102.54,36839
2021-11-11,102.52,102.88,102.36,102.8,102.8,44405
2021-11-12,102.94,103.44,102.82,103.42,103.42,41283
2021-11-15,103.56,103.94,103.48,103.84,103.84,120244
2021-11-16,104.26,104.78,104.1,104.78,104.78,57383
2021-11-17,104.88,104.96,104.48,104.64,104.64,56651
2021-11-18,104.52,105,103.64,104.08,104.08,72585
2021-11-19,104.64,104.88,104.24,104.48,104.48,76157
2021-11-22,104.94,105.38,104.6,104.94,104.94,79846
2021-11-23,104.08,104.52,103.36,103.58,103.58,97949
2021-11-24,104.2,104.58,103.72,104.48,104.48,50531
2021-11-25,104.86,104.88,104.56,104.78,104.78,46592
2021-11-26,103,103,100.88,101,101,154203
2021-11-29,102.38,102.7,101.9,102.24,102.24,133293
2021-11-30,101,101.56,100.24,100.94,100.94,117118
2021-12-01,101.4,102.32,101.26,102.2,102.2,119380
2021-12-02,100.3,101,99.61,100.64,100.64,111701
2021-12-03,101.36,101.6,99.85,100.18,100.18,65979
2021-12-06,100.92,101.48,100.06,101.32,101.32,111752
2021-12-07,102.4,103.98,102.3,103.94,103.94,84514
2021-12-08,103.72,104.14,102.96,103.18,103.18,54397
2021-12-09,103.48,103.52,103.06,103.44,103.44,54177
2021-12-10,103,103.74,102.8,102.92,102.92,54603
2021-12-13,103.64,104.04,102.5,102.66,102.66,76359
2021-12-14,103.06,103.12,101.7,101.76,101.76,117353
2021-12-15,102.26,102.34,101.72,101.72,101.72,59341
2021-12-16,103.6,104.14,102.96,103.12,103.12,44439
2021-12-17,102.38,102.76,101.32,102.36,102.36,61313
2021-12-20,100.9,100.98,100.02,100.06,100.06,108902
2021-12-21,101.4,101.86,101.1,101.86,101.86,80962
2021-12-22,102.32,102.72,101.94,102.72,102.72,42646
2021-12-23,103.1,103.84,103,103.82,103.82,39391
2021-12-27,103.5,104.5,103.48,104.4,104.4,53510
2021-12-28,104.8,105.3,104.7,104.94,104.94,79983
2021-12-29,104.96,105.2,104.04,104.32,104.32,29672
2021-12-30,104.7,104.96,104.6,104.72,104.72,28001
2022-01-03,104.96,105.04,104.3,104.8,104.8,153619
2022-01-04,105.52,105.84,104.92,105.28,105.28,64557
2022-01-05,105.12,105.22,104.72,104.88,104.88,107748
2022-01-06,103.44,103.7,102.7,103.4,103.4,92908
2022-01-07,103.3,103.92,102.4,102.78,102.78,80720
2022-01-10,103.2,103.22,101.1,101.62,101.62,83081
2022-01-11,102.82,103.28,102.28,103,103,72451
2022-01-12,103.78,103.96,103.16,103.48,103.48,51174
2022-01-13,103,103.48,102.86,103.12,103.12,58594
2022-01-14,101.98,102.3,101.36,101.88,101.88,86373
2022-01-17,102.2,102.74,102.1,102.6,102.6,85339
2022-01-18,101.9,101.98,101.18,101.54,101.54,59314
2022-01-19,100.84,102.02,100.68,101.18,101.18,67526
2022-01-20,101.12,102.2,100.82,102.14,102.14,81978
2022-01-21,100.06,100.22,98.69,99.82,99.82,145724
2022-01-24,98.96,99.21,95.77,95.92,95.92,285347
2022-01-25,97.25,98.02,96.3,96.88,96.88,110993
2022-01-26,97.85,99.27,97.85,98.66,98.66,96514
2022-01-27,97,99.66,96.94,99.32,99.32,105287
2022-01-28,98.33,98.37,96.6,98.21,98.21,97046
2022-01-31,99.42,100.02,98.97,99.94,99.94,59374
2022-02-01,100.38,100.84,99.95,100.74,100.74,125924
2022-02-02,101.4,101.8,100.86,100.88,100.88,111452
2022-02-03,100.74,102,99.05,99.2,99.2,61305
2022-02-04,99.22,99.31,97.59,98.21,98.21,70360
2022-02-07,98.83,99.16,98.18,98.72,98.72,103035
2022-02-08,98.94,99.22,98.44,99.18,99.18,44845
2022-02-09,99.87,100.76,99.76,100.6,100.6,84334
2022-02-10,100.84,100.9,99.82,100.1,100.1,46967
2022-02-11,99.5,100.2,99.1,99.5,99.5,49729
2022-02-14,98.29,98.67,97.4,98.51,98.51,89129
2022-02-15,98.34,99.52,98.3,99.38,99.38,81855
2022-02-16,99.29,99.79,98.84,99.05,99.05,49275
2022-02-17,99.44,99.52,98.36,98.63,98.63,32800
2022-02-18,98.24,98.44,97.31,97.53,97.53,60578
2022-02-21,97.68,97.98,96.32,96.49,96.49,89208
2022-02-22,95.77,97.41,95.56,96.53,96.53,81936
2022-02-23,96.86,97.28,95.9,96.09,96.09,52089
2022-02-24,93.56,95.03,92.63,94.63,94.63,169744
2022-02-25,95.82,97.5,95.48,97.5,97.5,81675
2022-02-28,97,97.89,96.51,97.89,97.89,92882
2022-03-01,98.55,98.55,97.08,97.28,97.28,156552
2022-03-02,97.05,98.52,96.8,98.2,98.2,47695
2022-03-03,98.47,99.07,97.7,97.91,97.91,39960
2022-03-04,98,98.23,96.79,96.89,96.89,80774
2022-03-07,96.57,97.37,95.68,96.35,96.35,121709
2022-03-08,94.95,95.7,94.25,94.47,94.47,120311
2022-03-09,95.18,96,95.01,95.81,95.81,132474
2022-03-10,96.05,96.09,94.47,94.93,94.93,94251
2022-03-11,95.93,97.5,95.6,95.88,95.88,55745
2022-03-14,95.7,95.91,94.64,94.66,94.66,79153
2022-03-15,93.61,95.52,93.02,95.52,95.52,145123
2022-03-16,96.98,97.9,96.8,97.71,97.71,71833
2022-03-17,98.26,98.32,97.41,97.97,97.97,137320
2022-03-18,98.55,99.9,98.29,99.56,99.56,43877
2022-03-21,99.66,100.48,99.58,99.84,99.84,93991
2022-03-22,100.62,101.3,100.36,101.18,101.18,82781
2022-03-23,101.38,101.38,100.78,100.88,100.88,84777
2022-03-24,101.02,101.2,100.66,100.88,100.88,37251
2022-03-25,101.16,101.64,100.78,101.28,101.28,42369
2022-03-28,101.74,102.18,101.52,101.52,101.52,62819
2022-03-29,102.28,102.68,101.82,102.28,102.28,76878
2022-03-30,102.4,102.42,101.74,101.9,101.9,73091
2022-03-31,101.78,102.52,101.66,101.74,101.74,42065
2022-04-01,101.46,102,101.42,101.46,101.46,119129
2022-04-04,102,103.3,101.66,102.8,102.8,207656
2022-04-05,103.24,103.42,102.64,102.96,102.96,122652
2022-04-06,102.7,102.8,100.88,101.1,101.1,135421
2022-04-07,101.28,101.84,100.76,100.92,100.92,69882
2022-04-08,102.26,102.48,101.62,102,102,69566
2022-04-11,101.2,101.3,100.42,100.64,100.64,67153
2022-04-12,100,101.28,99.7,101.08,101.08,108390
2022-04-13,100.88,100.9,100.08,100.78,100.78,60276
2022-04-14,100.8,101.66,100.56,101.28,101.28,85285
2022-04-19,100.98,101.36,99.92,101.24,101.24,94848
2022-04-20,101.12,101.8,101,101.34,101.34,71936
2022-04-21,101,101.72,100.84,101.24,101.24,30317
2022-04-22,100.06,100.28,99.14,99.14,99.14,90284
2022-04-25,98,98,97.01,97.53,97.53,141119
2022-04-26,98.73,98.84,97.28,97.28,97.28,68053
2022-04-27,97.6,98.74,97.05,98.35,98.35,86462
2022-04-28,99.12,99.8,98.34,98.88,98.88,45799
2022-04-29,100.1,100.36,99,99.42,99.42,36025
2022-05-02,97.98,98.5,97.05,97.35,97.35,159732
2022-05-03,98.29,98.64,97.6,98.6,98.6,83301
2022-05-04,98.57,98.87,97.38,97.38,97.38,37372
2022-05-05,99.83,99.83,97.25,97.56,97.56,85009
2022-05-06,97.2,97.49,94.93,96.07,96.07,119751
2022-05-09,95.83,95.94,93.58,93.68,93.68,97681
2022-05-10,94.05,94.9,92.98,93.36,93.36,138892
2022-05-11,93.87,95.59,92.9,94.25,94.25,72329
2022-05-12,92.39,94.17,92.23,93.5,93.5,56249
2022-05-13,94.4,95.97,94.3,95.76,95.76,44307
2022-05-16,95.29,95.7,94.94,95.25,95.25,81714
2022-05-17,95.84,96.77,95.24,95.87,95.87,42313
2022-05-18,96.18,96.3,94.49,94.52,94.52,54229
2022-05-19,93.48,93.63,92.23,92.95,92.95,86858
2022-05-20,93.47,94.18,92.53,92.8,92.8,78045
2022-05-23,93.91,94.06,92.75,93.78,93.78,48265
2022-05-24,92.4,92.8,91.35,91.51,91.51,57928
2022-05-25,93.33,93.55,92.46,93.08,93.08,34315
2022-05-26,93.37,94.7,93.32,94.48,94.48,73511
2022-05-27,94.71,96.3,94.49,96.3,96.3,35564
2022-05-30,97.29,97.55,96.72,96.93,96.93,33425
2022-05-31,96.68,97.06,96.05,96.17,96.17,44410
2022-06-01,96.7,97.07,95.9,96,96,94075
2022-06-02,96.23,96.49,95.56,96.22,96.22,31666
2022-06-03,96.99,97,95.7,95.86,95.86,37975
2022-06-06,96.46,97.31,96.36,96.77,96.77,23809
2022-06-07,96.01,96.65,95.72,96.37,96.37,107125
2022-06-08,96.92,97,96.06,96.62,96.62,32255
2022-06-09,95.95,96.62,95.27,95.79,95.79,40618
2022-06-10,94.8,95.4,93.08,93.11,93.11,70132
2022-06-13,91.93,92.12,90.44,90.95,90.95,124022
2022-06-14,91.53,91.8,90.24,90.46,90.46,86694
2022-06-15,90.48,91.56,90.07,91.18,91.18,93226
2022-06-16,90.75,90.82,87.97,88.31,88.31,119205
2022-06-17,88.56,89.31,87.98,88.51,88.51,160231
2022-06-20,88.46,88.95,88.23,88.95,88.95,135896
2022-06-21,89.37,90.08,89.13,89.95,89.95,110558
2022-06-22,88.91,89.84,88.35,89.61,89.61,65872
2022-06-23,89.01,90.29,88.86,89.66,89.66,170039
2022-06-24,90.47,91.95,90.44,91.84,91.84,45357
2022-06-27,92.43,92.94,91.78,92.11,92.11,84907
2022-06-28,92.64,93.43,92,92.11,92.11,57180
2022-06-29,91.08,91.74,90.74,91.47,91.47,91386
2022-06-30,90.5,90.97,89.87,90.45,90.45,58620
2022-07-01,89.67,91.42,89.59,90.97,90.97,129267
2022-07-04,91.2,91.41,90.9,91.33,91.33,44455
2022-07-05,91.73,92.11,90.85,91.05,91.05,90762
2022-07-06,92.42,93.45,92.35,92.87,92.87,30630
2022-07-07,93.7,94.86,93.57,94.82,94.82,46811
2022-07-08,94.77,95.48,94.5,95.2,95.2,54188
2022-07-11,94.29,95.21,94.21,94.65,94.65,88153
2022-07-12,94.36,94.99,94.12,94.76,94.76,37827
2022-07-13,94.42,95,92.71,93.43,93.43,85308
2022-07-14,93.66,93.7,92.27,92.59,92.59,30657
2022-07-15,93.19,94.99,92.96,94.13,94.13,57360
2022-07-18,94.73,95.15,94.28,94.64,94.64,45876
2022-07-19,93.75,94.62,92.96,94.62,94.62,41646
2022-07-20,95.25,95.87,94.85,95.85,95.85,72120
2022-07-21,95.7,96.06,95.1,96.06,96.06,34849
2022-07-22,96.26,96.93,95.93,95.93,95.93,42631
2022-07-25,95.88,96.17,95.39,95.97,95.97,91066
2022-07-26,95.89,96.51,95.65,95.86,95.86,51609
2022-07-27,96.27,96.9,96.03,96.78,96.78,26351
2022-07-28,97,98.04,96.75,97.97,97.97,33110
2022-07-29,98.19,99.3,98.19,98.69,98.69,77145
2022-08-01,98.94,99.2,98.25,98.78,98.78,116903
2022-08-02,98.26,99.09,97.92,98.88,98.88,53401
2022-08-03,98.72,99.86,98.55,99.82,99.82,43545
2022-08-04,99.75,100.24,99.3,99.42,99.42,67970
2022-08-05,99.66,100,99.05,99.36,99.36,120289
2022-08-08,100.1,100.56,99.69,100.02,100.02,70206
2022-08-09,99.73,99.81,98.71,98.99,98.99,33245
2022-08-10,98.79,100,98.66,99.75,99.75,50246
2022-08-11,100.44,100.92,100.1,100.46,100.46,29024
2022-08-12,100.44,101.34,100.36,101.3,101.3,52130
2022-08-15,101.94,102.4,101.64,102.36,102.36,79150
2022-08-16,102.88,103.26,102.32,102.9,102.9,107722
2022-08-17,103.08,103.16,101.96,102.02,102.02,159116
2022-08-18,102,102.8,101.9,102.8,102.8,39947
2022-08-19,102.62,102.74,102.04,102.12,102.12,32462
2022-08-22,102.02,102.1,101.18,101.68,101.68,75539
2022-08-23,101.36,101.84,100.74,101.02,101.02,48730
2022-08-24,100.94,101.56,100.56,101.4,101.4,24281
2022-08-25,102.02,102.2,101.48,101.92,101.92,33463
2022-08-26,102.56,102.62,100.38,100.52,100.52,45526
2022-08-29,99.41,99.47,98.5,98.94,98.94,65889
2022-08-30,99.24,99.66,97.52,97.77,97.77,86522
2022-08-31,98.38,98.44,97.1,97.23,97.23,57733
2022-09-01,96.52,96.79,95.87,96.57,96.57,120484
2022-09-02,97.04,97.94,96.69,97.78,97.78,72231
2022-09-05,97.3,97.38,96.67,97.19,97.19,101530
2022-09-06,96.97,97.58,96.26,96.91,96.91,217981
2022-09-07,96.28,96.69,96.08,96.57,96.57,64236
2022-09-08,97.13,97.83,96.3,97.82,97.82,68486
2022-09-09,97.46,98.67,97.36,98.55,98.55,49817
2022-09-12,98.04,99.34,97.73,99.14,99.14,52377
2022-09-13,99.2,100,97.36,97.5,97.5,44640
2022-09-14,97.08,97.22,96.34,96.84,96.84,42491
2022-09-15,97.23,97.34,95.89,96.21,96.21,84704
2022-09-16,95.17,95.45,94.39,94.49,94.49,110025
2022-09-19,94.66,95.18,94.11,94.67,94.67,45654
2022-09-20,95.44,95.76,94.37,94.65,94.65,74632
2022-09-21,94.86,95.79,94.75,95.73,95.73,91831
2022-09-22,93.96,95,93.66,93.79,93.79,108362
2022-09-23,93.74,93.84,92.65,92.77,92.77,92898
2022-09-26,92.84,93.63,92.32,93.08,93.08,82116
2022-09-27,93.26,93.8,92.86,92.86,92.86,62850
2022-09-28,92.73,93.25,91.77,93.13,93.13,55936
2022-09-29,92.58,93,90.59,90.81,90.81,73902
2022-09-30,91.02,91.65,90.6,91.33,91.33,71048
2022-10-03,90.03,91.49,89.48,91.29,91.29,180628
2022-10-04,92.36,93.34,92.32,93.26,93.26,63377
2022-10-05,92.98,93.41,92.73,93.07,93.07,110279
2022-10-06,93.58,94.22,92.97,93.72,93.72,42343
2022-10-07,93.3,94.49,91.98,92.03,92.03,108113
2022-10-10,91.5,92.33,91.2,91.47,91.47,82721
2022-10-11,90.54,91.1,90.1,90.86,90.86,64221
2022-10-12,90.77,93,90.15,90.5,90.5,49963
2022-10-13,90.12,91.02,88.55,90.66,90.66,107228
2022-10-14,92.12,92.65,90.6,90.69,90.69,62998
2022-10-17,90.9,92.07,90.53,91.69,91.69,98190
2022-10-18,92.35,93.12,91.72,91.72,91.72,62932
2022-10-19,92.3,92.73,91.8,91.9,91.9,75108
2022-10-20,91.59,92.57,91.35,92.26,92.26,33263
2022-10-21,91.28,92.06,90.79,91.88,91.88,116862
2022-10-24,92.5,93.09,91.7,92.36,92.36,66436
2022-10-25,92.92,93.24,92.39,93.24,93.24,39762
2022-10-26,92.84,93.51,92.5,93.44,93.44,46979
2022-10-27,92.68,93.52,92.35,93.26,93.26,34590
2022-10-28,92.03,93.96,91.98,93.75,93.75,51241
2022-10-31,94.24,94.91,93.9,94.54,94.54,77225
2022-11-01,95.07,95.5,94.48,94.78,94.78,109946
2022-11-02,95.05,95.13,94.17,94.27,94.27,111458
2022-11-03,93.54,93.99,92.57,93.48,93.48,88650
2022-11-04,93.61,94.5,92.7,92.88,92.88,58837
2022-11-07,93.08,93.78,93.01,93.32,93.32,99128
2022-11-08,93.38,94.18,93.35,94.18,94.18,44985
2022-11-09,93.65,93.83,92.99,93.1,93.1,52962
2022-11-10,92.56,95.24,92.53,95.24,95.24,66007
2022-11-11,95.91,96.03,94.98,94.98,94.98,62618
2022-11-14,95.4,95.72,95.1,95.31,95.31,48605
2022-11-15,95.17,96.01,94.88,96,96,87952
2022-11-16,95.42,95.5,94.37,94.6,94.6,55890
2022-11-17,94.88,94.91,93.76,94.21,94.21,25743
2022-11-18,94.34,95.34,94.3,94.83,94.83,52245
2022-11-21,95.08,95.46,94.9,95.06,95.06,66238
2022-11-22,95.1,95.72,94.89,95.61,95.61,63891
2022-11-23,95.72,96.1,95.58,95.94,95.94,24720
2022-11-24,95.91,96.39,95.82,96.17,96.17,42800
2022-11-25,96.02,96.28,95.86,95.96,95.96,41910
2022-11-28,95.53,95.59,94.5,95.38,95.38,61244
2022-11-29,95.59,95.78,95.04,95.07,95.07,43105
2022-11-30,95.62,95.87,95.2,95.87,95.87,29117
2022-12-01,97.35,97.39,96.23,96.57,96.57,133799
2022-12-02,96.2,96.47,95.41,96.18,96.18,68792
2022-12-05,96,96.17,95.25,95.37,95.37,51082
2022-12-06,95.22,95.42,94.04,94.26,94.26,56479
2022-12-07,94.32,94.35,93.13,93.7,93.7,72504
2022-12-08,93.8,94.78,93.65,93.9,93.9,45640
2022-12-09,94.29,95.45,93.75,94.4,94.4,41518
2022-12-12,93.75,94.01,93.38,93.85,93.85,95387
2022-12-13,94.51,96.71,94.35,95.1,95.1,32290
2022-12-14,94.72,95.01,94.25,94.89,94.89,50554
2022-12-15,93.6,93.76,91.7,91.8,91.8,183684
2022-12-16,91.82,91.87,90.86,91.25,91.25,165892
2022-12-19,91.38,91.74,90.9,90.9,90.9,102663
2022-12-20,90.17,90.94,90.02,90.6,90.6,88355
2022-12-21,91.02,92.18,90.87,92.1,92.1,75561
2022-12-22,92.1,92.77,90.7,90.84,90.84,69856
2022-12-23,91.04,91.75,90.5,91.01,91.01,81042
2022-12-27,91.84,91.96,90.9,91.08,91.08,70945
2022-12-28,91.33,91.5,90.53,90.56,90.56,134910
2022-12-29,90.31,91.33,90.16,91.27,91.27,74120
2022-12-30,90.96,91,90.57,90.61,90.61,37332
2023-01-02,91.6,92.42,91.34,92.27,92.27,123252
2023-01-03,91.91,92.94,91.55,91.65,91.65,91969
2023-01-04,91.97,92.53,91.72,92.53,92.53,57430
2023-01-05,92.01,92.55,91.8,92.16,92.16,76899
2023-01-06,92.28,93.08,92.1,92.96,92.96,40103
2023-01-09,93.04,93.71,92.97,93.58,93.58,84024
2023-01-10,92.57,92.91,92.32,92.61,92.61,62959
2023-01-11,93.08,93.47,92.97,93.39,93.39,64975
2023-01-12,93.9,94.48,93.29,93.66,93.66,45763
2023-01-13,93.79,94.07,93.39,94,94,46278
2023-01-16,94.29,94.47,94,94.34,94.34,101513
2023-01-17,94.13,94.87,93.96,94.63,94.63,42263
2023-01-18,94.53,94.89,94.07,94.07,94.07,49640
2023-01-19,93.52,93.54,92.77,92.93,92.93,44919
2023-01-20,93.24,93.7,92.86,93.61,93.61,34573
2023-01-23,93.78,95.13,93.61,94.93,94.93,57168
2023-01-24,94.89,94.9,94.4,94.71,94.71,42604
2023-01-25,94.66,94.66,93.4,94.03,94.03,41755
2023-01-26,94.89,95.35,94.8,95.17,95.17,31140
2023-01-27,95.41,95.98,95.25,95.85,95.85,32410
2023-01-30,95.15,95.39,94.64,95.32,95.32,67403
2023-01-31,94.96,95.19,94.33,95.14,95.14,71779
2023-02-01,95.49,95.99,94.84,95.09,95.09,136842
2023-02-02,95.66,97.13,95.62,97.13,97.13,69884
2023-02-03,96.53,97.5,96.32,97.5,97.5,63208
2023-02-06,96.63,96.94,96.2,96.94,96.94,99690
2023-02-07,97,97.17,96.82,97.15,97.15,69412
2023-02-08,97.68,97.73,96.96,97.02,97.02,75233
2023-02-09,97.66,97.8,97.17,97.22,97.22,57537
2023-02-10,96.37,96.86,96.12,96.77,96.77,64343
2023-02-13,96.79,97.43,96.75,97.34,97.34,45809
2023-02-14,97.44,97.71,96.85,96.96,96.96,67684
2023-02-15,96.89,97.62,96.83,97.6,97.6,94157
2023-02-16,98,98.08,96.97,97.55,97.55,40069
2023-02-17,96.78,97.03,96.4,96.42,96.42,46182
2023-02-20,96.73,96.84,96.54,96.65,96.65,32428
2023-02-21,96.44,96.53,95.6,95.68,95.68,45794
2023-02-22,95.47,95.72,95.12,95.6,95.6,54767
2023-02-23,95.96,96.35,95.58,95.62,95.62,37329
2023-02-24,95.98,96.05,94.73,94.93,94.93,57582
2023-02-27,95.66,96,95.44,95.52,95.52,51279
2023-02-28,95.02,95.46,94.83,95.12,95.12,51851
2023-03-01,95.25,95.5,94.19,94.39,94.39,163764
2023-03-02,94.11,95,94.07,94.84,94.84,73129
2023-03-03,95.56,96.35,95.44,96.33,96.33,30509
2023-03-06,96.62,96.73,96.3,96.62,96.62,67728
2023-03-07,96.33,96.66,95.95,96.07,96.07,69441
2023-03-08,95.89,96.2,95.82,95.93,95.93,48408
2023-03-09,95.9,96.22,95.6,95.78,95.78,33269
2023-03-10,93.78,94.92,92.78,93.86,93.86,167466
2023-03-13,93.06,93.14,90.92,91.83,91.83,246433
2023-03-14,91.93,93.11,91.67,92.99,92.99,74432
2023-03-15,92.54,92.98,91.43,92.15,92.15,207555
2023-03-16,92.93,93.58,92.05,93.39,93.39,75792
2023-03-17,93.86,94.09,92.4,92.65,92.65,95496
2023-03-20,92.15,93.14,91.6,92.65,92.65,79347
2023-03-21,93.19,93.6,93.12,93.33,93.33,46029
2023-03-22,93.58,93.92,93.44,93.52,93.52,52929
2023-03-23,92.49,93.29,92.25,92.99,92.99,64627
2023-03-24,92.82,93.02,92.26,92.75,92.75,73178
2023-03-27,93.77,93.78,93.2,93.36,93.36,71841
2023-03-28,93.58,93.75,92.85,93.04,93.04,47939
2023-03-29,93.74,93.98,93.58,93.92,93.92,61678
2023-03-30,94.44,94.57,94.09,94.36,94.36,84262
2023-03-31,94.5,95.38,94.44,95.34,95.34,39736
2023-04-03,95.88,95.93,95.36,95.51,95.51,115528
2023-04-04,95.79,96.05,94.83,95.01,95.01,50867
2023-04-05,95.02,95.07,94.58,94.78,94.78,53630
2023-04-06,94.93,95.13,94.68,94.88,94.88,150325
2023-04-11,95.74,95.76,95.36,95.49,95.49,38737
2023-04-12,95.42,95.9,94.81,95.06,95.06,85331
2023-04-13,95.05,95.24,94.53,94.97,94.97,65414
2023-04-14,95.25,95.91,95.17,95.49,95.49,76686
2023-04-17,95.96,96.26,95.82,96.04,96.04,103008
2023-04-18,96.36,96.67,96.04,96.19,96.19,80642
2023-04-19,95.97,96.05,95.68,95.94,95.94,47389
2023-04-20,95.87,95.93,95.42,95.7,95.7,32250
2023-04-21,95.66,95.74,95.28,95.45,95.45,54874
2023-04-24,95.25,95.4,95.01,95.07,95.07,56934
2023-04-25,94.77,94.99,94.6,94.85,94.85,39165
2023-04-26,94.6,94.68,93.46,93.97,93.97,73401
2023-04-27,93.98,94.99,93.82,94.56,94.56,49983
2023-04-28,95.06,95.58,94.76,95.33,95.33,48228
2023-05-02,95.88,95.99,94.36,94.43,94.43,157953
2023-05-03,94.78,94.99,94.4,94.51,94.51,50535
2023-05-04,94.11,94.39,93.6,94.03,94.03,88440
2023-05-05,94.28,95.39,94.19,95.25,95.25,121564
2023-05-08,95.31,95.66,95.27,95.53,95.53,141767
2023-05-09,95.7,95.84,95.47,95.84,95.84,35239
2023-05-10,95.7,96.06,95.37,95.7,95.7,69795
2023-05-11,96.29,96.45,95.6,95.93,95.93,43568
2023-05-12,96.2,96.55,96.04,96.21,96.21,47515
2023-05-15,96.69,96.8,96.15,96.6,96.6,74733
2023-05-16,96.45,96.6,96.23,96.42,96.42,58162
2023-05-17,96.25,96.79,96.18,96.68,96.68,61369
2023-05-18,97.23,98.03,97.23,97.89,97.89,40335
2023-05-19,98.2,98.48,97.85,97.85,97.85,41831
2023-05-22,98.01,98.34,97.78,98.3,98.3,44983
2023-05-23,97.96,98.18,97.79,98.02,98.02,51244
2023-05-24,97.07,97.12,96.28,96.59,96.59,42598
2023-05-25,97.05,97.47,96.84,96.92,96.92,84506
2023-05-26,97.31,98.56,97.01,98.37,98.37,79483
2023-05-29,98.62,98.66,98.43,98.58,98.58,26858
2023-05-30,98.68,98.93,97.95,98.04,98.04,61155
2023-05-31,97.83,98.27,97.36,97.5,97.5,37869
2023-06-01,98,98.19,97.38,98.08,98.08,124511
2023-06-02,98.62,99.96,98.55,99.85,99.85,63431
2023-06-05,100.08,100.46,99.84,100.08,100.08,65451
2023-06-06,99.87,100.5,99.79,100.4,100.4,36311
2023-06-07,100.32,100.48,100,100.18,100.18,63113
2023-06-08,99.78,99.94,99.28,99.68,99.68,36191
2023-06-09,99.9,100.52,99.66,100.24,100.24,33058
2023-06-12,100.54,100.58,100.14,100.44,100.44,77500
2023-06-13,101,101.38,100.72,101.38,101.38,72442
2023-06-14,101.34,101.58,101.08,101.36,101.36,103550
2023-06-15,101.22,101.28,100.36,101.02,101.02,89981
2023-06-16,101.22,101.7,101.12,101.4,101.4,76730
2023-06-19,100.98,101.2,100.76,100.82,100.82,64822
2023-06-20,100.6,100.8,100.12,100.26,100.26,72108
2023-06-21,100.18,100.4,99.49,99.71,99.71,41366
2023-06-22,99.07,99.45,98.71,99.45,99.45,46326
2023-06-23,99.29,99.85,99.03,99.25,99.25,45511
2023-06-26,99.21,99.37,98.83,99.06,99.06,81877
2023-06-27,99.12,99.13,98.56,99.02,99.02,40351
2023-06-28,99.5,99.89,99.24,99.82,99.82,43026
2023-06-29,99.83,100.22,99.63,100.16,100.16,40575
2023-06-30,100.52,101.06,100.44,100.98,100.98,51438
2023-07-03,101.48,101.66,101.12,101.3,101.3,104582
2023-07-04,101.54,101.56,101.34,101.46,101.46,36797
2023-07-05,101.18,101.36,100.8,101.32,101.32,44532
2023-07-06,100.82,100.84,99.49,99.61,99.61,57018
2023-07-07,99.67,99.95,99.52,99.65,99.65,70647
2023-07-10,98.97,99.49,98.87,99.28,99.28,52481
2023-07-11,99.42,99.81,99.2,99.7,99.7,37419
2023-07-12,99.97,100.5,99.88,100.26,100.26,25473
2023-07-13,100.26,100.48,100.2,100.32,100.32,44484
2023-07-14,100.3,100.5,100.06,100.24,100.24,44526
2023-07-17,99.86,100.18,99.69,100.12,100.12,128974
2023-07-18,99.95,100.6,99.82,100.56,100.56,75794
2023-07-19,101,101.5,100.78,101.32,101.32,38309
2023-07-20,100.9,101.34,100.84,101.34,101.34,37144
2023-07-21,101.26,101.62,101.2,101.54,101.54,32407
2023-07-24,101.1,102.18,101.06,102.06,102.06,55075
2023-07-25,102.26,102.76,102.14,102.68,102.68,35203
2023-07-26,102.62,102.62,102.1,102.26,102.26,32747
2023-07-27,102.76,103.98,102.62,103.68,103.68,70994
2023-07-28,103.26,103.62,103.22,103.52,103.52,50470
2023-07-31,103.46,103.8,103.3,103.58,103.58,55765
2023-08-01,103.92,103.98,103.36,103.46,103.46,103524
2023-08-02,102.48,102.98,102.02,102.28,102.28,94181
2023-08-03,102.14,102.14,101.48,101.84,101.84,83331
2023-08-04,102.06,102.26,101.3,101.7,101.7,74766
2023-08-07,101.64,101.78,101.36,101.48,101.48,70113
2023-08-08,101.42,101.7,101,101.14,101.14,51486
2023-08-09,101.92,101.98,100.98,101.08,101.08,47559
2023-08-10,101.36,101.96,101.1,101.58,101.58,62084
2023-08-11,101.1,101.16,100.62,100.84,100.84,45748
2023-08-14,100.96,101.52,100.9,101.34,101.34,66514
2023-08-15,101.42,101.48,100.24,100.62,100.62,89669
2023-08-16,100.36,100.56,100.16,100.46,100.46,73886
2023-08-17,100.2,100.32,99.78,99.87,99.87,65457
2023-08-18,99.31,99.38,98.67,99.09,99.09,79175
2023-08-21,99.21,99.55,99.02,99.12,99.12,50520
2023-08-22,99.52,100.4,99.49,100,100,41171
2023-08-23,100.18,100.78,100.14,100.7,100.7,33785
2023-08-24,101.6,101.72,100.38,100.38,100.38,25849
2023-08-25,100.3,100.62,99.94,100.44,100.44,52186
2023-08-28,100.84,101.44,100.7,101.22,101.22,174305
2023-08-29,101.56,102.06,101.28,102.06,102.06,28821
2023-08-30,102.14,102.28,101.52,101.92,101.92,80833
2023-08-31,102.22,102.88,102.18,102.6,102.6,33011
2023-09-01,102.6,103.3,102.56,103.14,103.14,109730
2023-09-04,103.5,103.64,103.22,103.24,103.24,71577
2023-09-05,103.06,103.74,102.94,103.58,103.58,37869
2023-09-06,103.12,103.16,102.66,102.74,102.74,45132
2023-09-07,102.48,102.7,102.16,102.54,102.54,38607
2023-09-08,102.66,102.74,102.14,102.72,102.72,45232
2023-09-11,102.86,103.16,102.66,102.76,102.76,41998
2023-09-12,103.12,103.14,102.78,102.88,102.88,60601
2023-09-13,102.56,102.84,102.3,102.84,102.84,59448
2023-09-14,102.96,104.26,102.82,104.14,104.14,34667
2023-09-15,104.74,104.82,103.6,103.62,103.62,70032
2023-09-18,103.6,103.62,103.02,103.2,103.2,35585
2023-09-19,103.16,103.38,102.52,102.7,102.7,53419
2023-09-20,102.94,103.2,102.82,103.02,103.02,50306
2023-09-21,102.28,102.86,101.26,101.38,101.38,93653
2023-09-22,101.12,101.58,101.04,101.48,101.48,70764
2023-09-25,101.1,101.46,100.58,101.4,101.4,79029
2023-09-26,101.02,101.08,100.4,100.54,100.54,84597
2023-09-27,100.74,101.2,100.7,100.8,100.8,46952
2023-09-28,101,101.16,100.4,100.94,100.94,36611
2023-09-29,101.18,101.66,101.06,101.1,101.1,75050
2023-10-02,101.06,101.8,100.66,101.04,101.04,121719
2023-10-03,100.96,101.14,99.8,99.85,99.85,149513
2023-10-04,99.24,99.74,99.06,99.46,99.46,106953
2023-10-05,99.94,100.24,99.3,99.43,99.43,76044
2023-10-06,99.8,100.38,99.34,100.08,100.08,87829
2023-10-09,100.18,100.58,99.98,100.58,100.58,67911
2023-10-10,101.36,101.98,101.16,101.94,101.94,45211
2023-10-11,101.66,102,101.54,101.58,101.58,37691
2023-10-12,102.28,102.58,102.18,102.3,102.3,80027
2023-10-13,102.06,102.4,101.6,101.74,101.74,106589
2023-10-16,101.64,102.26,101.22,102.18,102.18,145850
2023-10-17,102.02,102.12,101.3,101.92,101.92,57113
2023-10-18,101.56,101.68,101.12,101.26,101.26,38012
2023-10-19,100.5,100.64,99.94,100.18,100.18,118229
2023-10-20,99.15,99.37,98.36,98.45,98.45,136528
2023-10-23,98.38,98.48,97.4,98.12,98.12,120925
2023-10-24,97.8,98.98,97.7,98.72,98.72,112119
2023-10-25,98.43,98.76,97.95,98.22,98.22,77691
2023-10-26,97.3,97.87,97.17,97.56,97.56,74303
2023-10-27,97.43,97.69,96.76,96.83,96.83,75583
2023-10-30,97.31,97.42,96.52,96.83,96.83,132199
2023-10-31,96.9,97.68,96.82,97.58,97.58,66756
2023-11-01,97.96,98.91,97.82,98.74,98.74,142499
2023-11-02,99.22,100.18,99.19,100.18,100.18,73476
2023-11-03,100.5,100.8,100.18,100.68,100.68,123769
2023-11-06,100.72,100.78,100.52,100.54,100.54,62182
2023-11-07,100.48,101.16,100.44,101.12,101.12,43511
2023-11-08,100.8,101.24,100.6,100.68,100.68,48752
2023-11-09,100.9,101.32,100.74,101.1,101.1,52696
2023-11-10,100.7,100.92,100.2,100.86,100.86,56919
2023-11-13,101.16,101.5,101.12,101.48,101.48,48556
2023-11-14,101.44,102.3,101.18,102.16,102.16,56728
2023-11-15,102.3,102.78,102.24,102.6,102.6,81856
2023-11-16,102.36,102.4,101.78,101.92,101.92,45193
2023-11-17,102.54,102.68,102.14,102.28,102.28,36962
2023-11-20,102.12,102.4,101.98,102.36,102.36,65335
2023-11-21,102.48,102.56,102.2,102.38,102.38,47693
2023-11-22,102.6,103.34,102.56,103.22,103.22,39853
2023-11-23,103.08,103.22,102.92,103.16,103.16,25839
2023-11-24,102.98,103.1,102.8,102.94,102.94,28321
2023-11-27,102.62,102.84,102.42,102.74,102.74,47565
2023-11-28,102.52,102.58,102.14,102.58,102.58,46417
2023-11-29,102.52,103.06,102.4,102.72,102.72,26015
2023-11-30,102.98,103.4,102.86,103.14,103.14,57129
2023-12-01,103.58,104.24,103.48,104.12,104.12,127233
2023-12-04,104.12,104.12,104.12,104.12,104.12,64694
2023-12-05,104.12,104.12,104.12,104.12,104.12,42965
2023-12-06,104.12,104.12,104.12,104.12,104.12,55001
2023-12-07,104.42,104.86,104.26,104.74,104.74,51490
2023-12-08,104.82,105.48,104.74,105.36,105.36,67461
2023-12-11,105.48,105.88,105.2,105.68,105.68,63899
2023-12-12,105.84,105.88,105.36,105.64,105.64,59626
2023-12-13,105.94,106.08,105.86,105.94,105.94,51073
2023-12-14,106.8,106.94,105.92,106,106,78613
2023-12-15,106.36,106.82,106.3,106.78,106.78,114728
2023-12-18,106.56,106.78,106.44,106.64,106.64,52804
2023-12-19,106.72,106.9,106.56,106.8,106.8,56399
2023-12-20,107.08,107.14,106.82,107.1,107.1,46314
2023-12-21,106.48,106.58,106.06,106.36,106.36,63585
2023-12-22,106.34,106.8,106.14,106.68,106.68,55029
2023-12-27,106.84,106.96,106.18,106.36,106.36,65886
2023-12-28,106.86,107,106.54,106.94,106.94,51355
2023-12-29,107.14,107.28,106.86,107.08,107.08,39452
2024-01-02,107.38,107.44,106.8,107.04,107.04,202047
2024-01-03,106.98,107.08,106.44,106.62,106.62,72707
2024-01-04,106.68,106.68,106.16,106.6,106.6,86969
2024-01-05,106.2,106.56,105.92,106.42,106.42,97346
2024-01-08,106.22,106.58,105.88,106.56,106.56,70383
2024-01-09,107.06,107.18,106.6,107.14,107.14,52532
2024-01-10,107.22,107.4,107.02,107.08,107.08,61524
2024-01-11,107.74,107.9,106.7,106.74,106.74,49649
2024-01-12,107.28,107.9,107.16,107.54,107.54,50313
2024-01-15,107.7,107.76,107.42,107.58,107.58,98261
2024-01-16,107.1,107.82,107.06,107.72,107.72,51320
2024-01-17,106.7,106.92,106.42,106.76,106.76,74561
2024-01-18,106.66,107.34,106.6,107.3,107.3,55283
2024-01-19,107.66,107.94,107.44,107.64,107.64,60619
2024-01-22,108.5,108.9,108.42,108.64,108.64,55353
2024-01-23,108.58,109.14,108.34,108.9,108.9,63126
2024-01-24,109.46,109.68,109.28,109.54,109.54,56661
2024-01-25,109.26,110.06,109.12,110.04,110.04,59554
2024-01-26,109.86,110.24,109.64,110.12,110.12,54574
2024-01-29,110.34,110.68,110.24,110.6,110.6,71333
2024-01-30,110.84,111,110.48,110.68,110.68,62385
2024-01-31,110.76,110.8,109.98,110.14,110.14,78285
2024-02-01,110.14,110.4,109.56,109.76,109.76,148135
2024-02-02,110.7,111.34,110.52,111.34,111.34,40765
2024-02-05,111.52,111.88,111.32,111.56,111.56,67769
2024-02-06,112,112.22,111.68,112.08,112.08,81738
2024-02-07,112.04,112.68,111.94,112.48,112.48,52190
2024-02-08,112.56,112.74,112.4,112.46,112.46,45055
2024-02-09,112.56,112.92,112.46,112.58,112.58,75826
2024-02-12,112.9,113.62,112.84,113.62,113.62,75038
2024-02-13,113.28,113.3,112.1,112.44,112.44,103831
2024-02-14,112.58,113.04,112.52,112.72,112.72,77647
2024-02-15,113.4,113.5,112.9,113.16,113.16,78595
2024-02-16,113.82,114,113.32,113.7,113.7,49416
2024-02-19,113.3,113.64,113.18,113.52,113.52,54796
2024-02-20,113.28,113.3,112.38,112.48,112.48,90186
2024-02-21,112.58,112.62,112.28,112.42,112.42,58763
2024-02-22,113.44,114.24,113.24,114.22,114.22,42779
2024-02-23,114.44,114.84,114.26,114.54,114.54,50731
2024-02-26,114.3,114.4,114.06,114.14,114.14,49377
2024-02-27,114,114.2,113.78,114,114,40090
2024-02-28,114.14,114.2,113.72,113.92,113.92,49496
2024-02-29,113.94,114.38,113.56,114.22,114.22,61062
2024-03-01,114.92,115.16,114.54,115.04,115.04,145433
2024-03-04,115.1,115.26,114.82,114.94,114.94,79895
2024-03-05,114.8,114.8,113.96,114.14,114.14,97550
2024-03-06,114.3,114.78,114.26,114.64,114.64,49795
2024-03-07,114.26,115.3,114.1,115.1,115.1,60536
2024-03-08,115.3,115.66,115.08,115.12,115.12,66012
2024-03-11,114.4,114.52,114.04,114.5,114.5,131547
2024-03-12,115.04,115.72,114.66,115.44,115.44,86119
2024-03-13,115.6,115.62,115.32,115.4,115.4,56678
2024-03-14,115.68,115.88,115.1,115.46,115.46,62526
2024-03-15,115.52,115.78,114.78,114.8,114.8,88517
2024-03-18,115.26,115.76,115.06,115.68,115.68,66340
2024-03-19,115.58,115.84,115.2,115.84,115.84,63751
2024-03-20,115.96,116.34,115.92,116.12,116.12,41736
2024-03-21,117.2,117.8,116.9,117.74,117.74,62654
2024-03-22,117.7,117.98,117.52,117.62,117.62,75486
2024-03-25,117.54,117.64,117.08,117.32,117.32,73368
2024-03-26,117.4,117.62,117.24,117.56,117.56,50140
2024-03-27,117.48,117.84,117.32,117.48,117.48,78343
2024-03-28,118.14,118.44,118.06,118.28,118.28,61795
2024-04-02,118.86,118.94,117.28,117.46,117.46,207263
2024-04-03,117.5,117.6,117.18,117.54,117.54,95816
2024-04-04,117.48,117.86,117.38,117.7,117.7,107931
2024-04-05,116.22,117.06,116.12,116.88,116.88,109096
2024-04-08,116.92,117.38,116.8,117.08,117.08,57936
2024-04-09,117.14,117.28,116.28,116.6,116.6,114582
2024-04-10,117.38,117.6,116.32,117.04,117.04,83446
2024-04-11,117.38,117.54,116.76,117.32,117.32,51352
2024-04-12,118.42,118.5,117.5,117.72,117.72,58713
2024-04-15,117.7,118.18,117.24,117.42,117.42,100788
2024-04-16,115.76,115.94,115.2,115.6,115.6,98090
2024-04-17,115.42,115.92,114.92,114.92,114.92,84503
2024-04-18,115.12,115.42,114.54,115.26,115.26,55779
2024-04-19,114.08,114.66,113.92,114.28,114.28,64451
2024-04-22,114.56,114.9,114.26,114.54,114.54,82355
2024-04-23,115.3,115.82,114.84,115.74,115.74,71742
2024-04-24,116.34,116.44,115.6,115.78,115.78,43891
2024-04-25,115.22,115.38,114.1,114.48,114.48,62550
2024-04-26,115.9,116.7,115.6,116.44,116.44,54865
2024-04-29,116.78,117.02,116.58,116.58,116.58,94125
2024-04-30,116.88,116.88,116.16,116.24,116.24,101066
2024-05-02,115.7,116.1,115.42,115.68,115.68,148273
2024-05-03,116.32,117,116.12,116.62,116.62,82161
2024-05-06,117.14,117.5,116.98,117.42,117.42,83877
2024-05-07,117.94,118.12,117.76,118.08,118.08,66734
2024-05-08,118.14,118.26,117.6,118.08,118.08,54487
2024-05-09,118.04,118.3,117.9,118.26,118.26,31657
2024-05-10,118.7,119,118.6,118.64,118.64,47518
2024-05-13,118.92,118.92,118.54,118.6,118.6,60043
2024-05-14,118.62,118.78,118.22,118.52,118.52,69377
2024-05-15,118.9,119.38,118.66,119.38,119.38,86081
2024-05-16,119.72,119.92,119.62,119.8,119.8,43609
2024-05-17,119.56,119.8,119.46,119.56,119.56,39060
2024-05-20,119.76,120.18,119.68,120.18,120.18,36453
2024-05-21,119.72,119.88,119.5,119.82,119.82,62340
2024-05-22,119.8,120,119.74,119.88,119.88,46081
2024-05-23,120.32,120.74,119.54,119.9,119.9,41197
2024-05-24,119.1,119.58,118.98,119.4,119.4,60683
2024-05-27,119.54,119.7,119.38,119.7,119.7,48233
2024-05-28,119.6,119.72,119.16,119.22,119.22,66146
2024-05-29,118.88,118.96,118.32,118.68,118.68,60119
2024-05-30,118.22,118.5,118.08,118.26,118.26,58982
2024-05-31,118.08,118.3,117.4,117.52,117.52,93032
2024-06-03,119.3,119.34,118.36,118.42,118.42,181358
2024-06-04,118.18,118.56,117.78,117.96,117.96,89771
2024-06-05,118.76,119.48,118.66,119.48,119.48,56587
2024-06-06,119.88,120.14,119.66,119.92,119.92,49001
2024-06-07,119.98,120.68,119.54,120.46,120.46,70813
2024-06-10,120.54,120.98,120.3,120.98,120.98,52417
2024-06-11,120.86,120.88,120.32,120.74,120.74,45970
2024-06-12,121.18,121.66,120.98,121.38,121.38,53683
2024-06-13,121.46,121.58,121.04,121.32,121.32,63361
2024-06-14,121.92,122.06,121.24,121.68,121.68,68325
2024-06-17,121.98,122.08,121.48,121.74,121.74,86173
2024-06-18,122.4,122.58,122.24,122.42,122.42,65172
2024-06-19,122.82,122.9,122.54,122.62,122.62,85207
2024-06-20,123.04,124,122.82,123.06,123.06,71103
2024-06-21,122.82,123.06,122.46,122.7,122.7,67245
2024-06-24,122.6,122.94,122.3,122.88,122.88,93065
2024-06-25,122.46,122.86,122.32,122.72,122.72,78297
2024-06-26,123.22,123.46,122.62,122.76,122.76,76608
2024-06-27,122.9,123.02,122.66,122.68,122.68,66172
2024-06-28,123.3,123.72,123.04,123.18,123.18,66047
2024-07-01,122.6,122.8,122.12,122.52,122.52,202510
2024-07-02,122.38,122.72,122.06,122.72,122.72,85096
2024-07-03,123.12,123.34,122.9,123.12,123.12,66366
2024-07-04,123.56,123.76,123.36,123.46,123.46,71459
2024-07-05,123.56,123.64,123.14,123.42,123.42,59519
2024-07-08,123.56,123.9,123.5,123.68,123.68,82477
2024-07-09,123.88,124.14,123.78,123.86,123.86,73615
2024-07-10,123.88,124.42,123.86,124.42,124.42,63556
2024-07-11,124.96,125,124.22,124.24,124.24,90735
2024-07-12,124.34,124.88,124,124.84,124.84,65048
2024-07-15,124.76,124.94,124.42,124.76,124.76,128454
2024-07-16,124.5,125.14,124.2,124.88,124.88,90403
2024-07-17,124.56,124.62,123.46,123.58,123.58,135084
2024-07-18,123.88,124.08,122.94,122.96,122.96,103178
2024-07-19,122.72,122.86,122.08,122.1,122.1,101092
2024-07-22,122.38,123.18,122.28,122.62,122.62,91241
2024-07-23,122.9,123.74,122.78,123.72,123.72,74233
2024-07-24,122.52,122.84,121.54,121.7,121.7,116163
2024-07-25,121.06,121.24,120.1,121.08,121.08,150354
2024-07-26,120.86,121.54,120.74,121.34,121.34,98247
2024-07-29,122.1,122.62,121.54,121.54,121.54,92201
2024-07-30,121.98,122.5,121.5,121.6,121.6,62731
2024-07-31,122.82,123.56,122.7,123.5,123.5,71655
2024-08-01,123.64,124,122.24,122.24,122.24,190012
2024-08-02,120.44,120.52,117.08,117.52,117.52,187366
2024-08-06,115.62,116.22,114.58,115.66,115.66,259387
2024-08-07,116.5,117.9,116.28,117.5,117.5,238584
2024-08-08,115.72,117.72,115.08,117.66,117.66,105951
2024-08-09,117.82,118.62,117.46,118.04,118.04,135922
2024-08-12,118.5,118.84,118,118.3,118.3,70019
2024-08-13,118.86,119.38,118.38,119.32,119.32,73667
2024-08-14,119.54,119.58,118.68,119.54,119.54,106641
2024-08-15,119.98,121.68,119.8,121.62,121.62,107604
2024-08-16,122.08,122.16,121.28,121.74,121.74,69207
2024-08-19,121.62,122.16,121.52,122.1,122.1,66471
2024-08-20,122.42,122.6,121.62,121.7,121.7,89959
2024-08-21,121.82,122.38,121.7,121.92,121.92,37929
2024-08-22,122,122.62,121.96,122,122,69030
2024-08-23,121.86,122.56,121.58,122.1,122.1,44259
2024-08-26,122.14,122.66,121.84,121.92,121.92,59928
2024-08-27,122.1,122.32,121.7,122,122,56535
2024-08-28,122.46,122.8,121.96,122.04,122.04,46228
2024-08-29,122.18,123.56,122.12,123.42,123.42,96601
2024-08-30,123.12,123.5,122.96,123.02,123.02,45512
2024-09-02,123.48,123.74,123.2,123.66,123.66,150888
2024-09-03,123.78,123.82,122.02,122.48,122.48,97165
2024-09-04,120.78,121.54,120.7,121.16,121.16,102175
2024-09-05,120.82,121.38,120.12,120.42,120.42,77847
2024-09-06,119.96,120.92,118.6,118.84,118.84,74302
2024-09-09,119.58,120.46,119.54,120.18,120.18,115632
2024-09-10,120.04,120.68,119.94,120.3,120.3,87946
2024-09-11,120.28,120.86,119.2,119.8,119.8,55798
2024-09-12,122.12,122.4,121.28,121.86,121.86,43925
2024-09-13,122.26,122.74,122,122.7,122.7,39989
2024-09-16,122.3,122.54,121.84,122.14,122.14,104541
2024-09-17,122.62,123.12,122.56,122.92,122.92,63498
2024-09-18,122.66,122.7,122.18,122.32,122.32,48506
2024-09-19,123.42,124.26,123.22,124.06,124.06,86152
2024-09-20,123.64,123.86,123.1,123.28,123.28,61744
2024-09-23,123.6,124.3,123.56,124.18,124.18,77237
2024-09-24,124.72,124.76,123.98,124.46,124.46,52645
2024-09-25,123.84,124.56,123.8,124.48,124.48,47647
2024-09-26,125.5,126.18,125.1,125.2,125.2,79201
2024-09-27,125.66,125.82,125.32,125.56,125.56,82424
2024-09-30,125.34,125.58,124.58,125.2,125.2,97501
2024-10-01,125.82,126.4,124.92,125.48,125.48,230541
2024-10-02,125.82,126.22,125.26,126.2,126.2,105028
2024-10-03,125.94,126,125.3,125.84,125.84,71726
2024-10-04,125.84,127.36,125.72,126.6,126.6,103698
2024-10-07,127.26,127.3,126.7,127.04,127.04,136577
2024-10-08,125.72,126.8,125.6,126.74,126.74,89186
2024-10-09,126.54,127.52,126.38,127.52,127.52,66355
2024-10-10,127.78,127.8,127.1,127.74,127.74,97817
2024-10-11,127.46,128.34,127.18,128.2,128.2,66725
2024-10-14,128.42,129.34,128.3,129.08,129.08,102174
2024-10-15,129.38,129.44,128.42,128.62,128.62,123581
2024-10-16,128.48,128.82,128.24,128.72,128.72,47047
2024-10-17,129.28,130.26,129.14,129.74,129.74,59057
2024-10-18,129.62,129.94,129.4,129.66,129.66,86557
2024-10-21,129.64,129.74,129,129.08,129.08,83088
2024-10-22,129.3,129.4,128.68,129.24,129.24,81806
2024-10-23,129.6,129.8,128.78,128.86,128.86,71533
2024-10-24,129,129.34,128.56,128.58,128.58,60404
2024-10-25,128.56,129.26,128.4,129.02,129.02,66627
2024-10-28,129.16,129.24,128.62,128.98,128.98,60493
2024-10-29,129.12,129.32,128.84,129.06,129.06,65856
2024-10-30,128.94,128.98,128.04,128.26,128.26,97546
2024-10-31,127.1,127.22,125.92,126.22,126.22,112233
2024-11-01,126.22,127.42,126.2,127.24,127.24,227269
2024-11-04,126.5,126.66,126,126.3,126.3,96574
2024-11-05,126.5,127.08,126.22,126.98,126.98,82497
2024-11-06,130.52,131.56,129.96,130.42,130.42,129187
2024-11-07,131.08,131.5,130.96,131.38,131.38,105189
2024-11-08,131.78,131.98,130.94,131.98,131.98,102063
2024-11-11,132.88,133.56,132.8,133.26,133.26,125247
2024-11-12,132.88,133.12,132.5,132.64,132.64,99463
2024-11-13,132.34,133.04,131.9,133.04,133.04,86622
2024-11-14,133,133.78,132.66,132.94,132.94,95152
2024-11-15,131.96,132.14,131.36,131.36,131.36,158037
2024-11-18,131.5,131.86,131.02,131.86,131.86,96627
2024-11-19,131.92,131.98,130.28,131.76,131.76,86712
2024-11-20,132.26,132.5,131.46,131.8,131.8,67127
2024-11-21,132.16,133.42,131.8,133.28,133.28,85578
2024-11-22,133.6,135.18,133.56,134.82,134.82,91429
2024-11-25,135.02,135.06,134.24,134.46,134.46,119424
2024-11-26,134.14,134.68,133.74,134.56,134.56,100141
2024-11-27,134.52,134.56,133.32,133.48,133.48,125124
2024-11-28,134.08,134.2,133.8,134.02,134.02,59317
2024-11-29,133.8,134.6,133.74,134.56,134.56,79021
2024-12-02,135.02,135.88,134.88,135.76,135.76,179780
2024-12-03,135.9,135.94,135.36,135.64,135.64,109115
2024-12-04,135.98,136.78,135.8,136.06,136.06,97961
2024-12-05,136.14,136.4,135.72,135.96,135.96,113325
2024-12-06,135.62,136.38,135.4,136.04,136.04,80160
2024-12-09,136.46,136.52,135.6,135.94,135.94,142807
2024-12-10,135.64,136.2,135.58,136,136,108216
2024-12-12,136.54,136.76,136.1,136.42,136.42,116057
2024-12-13,136.48,136.62,135.46,135.78,135.78,89903
2024-12-16,135.64,136.24,135.48,135.96,135.96,125576
2024-12-17,135.52,135.84,135.08,135.5,135.5,127278
2024-12-18,135.68,136.04,135.36,135.78,135.78,84664
2024-12-19,133.4,134.16,133.2,133.84,133.84,160128
2024-12-20,132.66,134.06,131.26,134.06,134.06,189822
2024-12-23,134.06,134.2,133.36,133.76,133.76,191269
2024-12-27,135.1,135.3,133.86,134.36,134.36,144258
2024-12-30,134.04,134.32,133.1,133.22,133.22,93464
2025-01-02,134.28,135.48,133.98,135.48,135.48,437836
2025-01-03,134.78,135.24,134.4,135.24,135.24,157593
2025-01-06,135.32,136.04,135,135.88,135.88,216484
2025-01-07,134.9,135.7,134.68,134.92,134.92,177334
2025-01-08,134.96,135.44,134.42,135,135,102919
2025-01-09,134.66,135.08,134.6,135.06,135.06,53803
2025-01-10,134.74,135.02,133.42,133.72,133.72,116613
2025-01-13,133.48,133.9,132.82,133.54,133.54,181311
2025-01-14,134.28,134.5,133.1,133.32,133.32,117833
2025-01-15,133.44,135.56,133.36,135.38,135.38,114581
2025-01-16,136.28,136.32,135.6,135.8,135.8,76808
2025-01-17,136.06,137.2,135.96,137.02,137.02,82797
2025-01-20,136.9,137,136.14,136.42,136.42,120646
2025-01-21,136.36,137.04,136.22,136.48,136.48,94523
2025-01-22,137.02,137.48,136.82,137.48,137.48,82908
2025-01-23,137.36,137.78,137.08,137.62,137.62,85399
2025-01-24,137.52,137.6,136.86,137.14,137.14,123444
2025-01-27,135.46,135.52,133.5,134.88,134.88,238848
2025-01-28,136.22,136.96,135.84,136.5,136.5,119717
2025-01-29,137.62,137.86,137.02,137.14,137.14,117084
2025-01-30,137.56,138.02,137.16,137.64,137.64,87950
2025-01-31,138.6,139.2,138.58,138.86,138.86,125932
2025-02-03,137.16,137.86,136.7,137.78,137.78,294822
2025-02-04,137.5,137.92,136.84,137.84,137.84,112856
2025-02-05,137.02,137.4,136.68,137.38,137.38,116945
2025-02-06,138.48,139.04,138.46,138.86,138.86,87075
2025-02-07,138.84,139.44,138.4,138.66,138.66,125886
2025-02-10,139.08,139.72,138.96,139.56,139.56,90452
2025-02-11,139.2,139.36,138.86,139.16,139.16,125477
2025-02-12,138.94,139.48,137.98,138.3,138.3,134347
2025-02-13,138.34,139.04,138.04,138.92,138.92,109798
2025-02-14,139.18,139.24,138.54,138.7,138.7,83281
2025-02-17,139.18,139.52,139.14,139.44,139.44,129539
2025-02-18,139.78,140.14,139.42,139.58,139.58,108200
2025-02-19,140,140.18,139.36,140,140,85941
2025-02-20,139.7,139.96,138.64,138.72,138.72,119656
2025-02-21,139.04,139.6,138.74,138.98,138.98,79259
2025-02-24,137.76,138.2,136.62,137.38,137.38,179554
2025-02-25,136.88,137.1,135.22,135.42,135.42,197367
2025-02-26,136.84,137.5,136.58,137.22,137.22,124327
2025-02-27,137.04,137.68,136.34,137.4,137.4,90165
2025-02-28,135.44,136.1,134.82,135.82,135.82,174276
2025-03-03,137.24,137.34,135.86,136.1,136.1,243932
2025-03-04,134.44,134.5,131.54,131.9,131.9,226375
2025-03-05,132.2,132.44,130.24,130.3,130.3,178456
2025-03-06,131.32,131.44,129.7,130.52,130.52,142177
2025-03-07,129.72,130,128.3,128.4,128.4,186920
2025-03-10,129.38,129.4,127.04,127.38,127.38,183002
2025-03-11,126.6,126.84,124.64,125.06,125.06,239769
2025-03-12,125.7,127.2,124.94,126.4,126.4,276495
2025-03-13,125.88,126.68,125.4,125.6,125.6,173686
2025-03-14,126.04,127.38,125.78,127.08,127.08,137367
2025-03-17,127.019,128.14,126.82,127.7,127.7,273213
2025-03-18,127.82,128.28,126.78,127.2,127.2,177815
2025-03-19,127.36,128.66,127.34,128.46,128.46,96727
2025-03-20,129.06,129.62,127.96,128.74,128.74,137356
2025-03-21,128.52,128.66,127.54,128.38,128.38,93174
2025-03-24,129.6,130.62,129.4,130.46,130.46,180448
2025-03-25,130.46,130.86,130.28,130.6,130.6,158692
2025-03-26,130.98,131.08,129.9,130.02,130.02,114340
2025-03-27,129.78,130.06,128.88,129.64,129.64,102621
2025-03-28,128.76,129.34,126.78,126.9,126.9,107926
2025-03-31,125.58,126.08,124.76,126.08,126.08,142441
2025-04-01,127.14,127.72,126.06,127.52,127.52,209556
2025-04-02,127.42,127.5,126.1,127.3,127.3,59331
2025-04-03,123.06,123.66,120.32,121.3,121.3,285923
2025-04-04,119.94,120.22,114.64,115.8,115.8,459008
2025-04-07,108.6,120.08,107.9,112.52,112.52,758826
2025-04-08,114.3,117.7,114.24,115.94,115.94,367926
2025-04-09,114.3,114.3,108.56,110.5,110.5,0
2025-04-10,120.26,120.48,114.78,114.78,114.78,397189
2025-04-11,115.2,115.3,112.3,113.92,113.92,254886
2025-04-14,116.48,118.26,116.38,117.1,117.1,203766
2025-04-15,117.62,118.78,117.1,118.3,118.3,199093
2025-04-16,116.06,117.44,115.52,116.9,116.9,100792
2025-04-17,116.3,116.74,115.24,115.82,115.82,186357
2025-04-22,113.96,115.26,113.6,115.08,115.08,227819
2025-04-23,117.78,119.88,117.66,118.42,118.42,184017
2025-04-24,117.82,119.6,117.12,119.42,119.42,116227
2025-04-25,120.6,120.66,119.42,119.8,119.8,126639
2025-04-28,120.76,121.2,120.02,120.14,120.14,118915
2025-04-29,120.76,121.16,120.1,120.7,120.7,120464
2025-04-30,121.34,121.64,119.34,121.14,121.14,144034
2025-05-02,123.46,124.4,123.06,124.14,124.14,270118
2025-05-05,124,124.56,123.62,124.44,124.44,149352
2025-05-06,123.94,123.98,122.84,123.78,123.78,106705
2025-05-07,123.4,123.66,122.8,123.14,123.14,153445
2025-05-08,124.74,125.18,123.88,125,125,95623
2025-05-09,125.14,125.62,124.42,124.94,124.94,138128
2025-05-12,128.66,129.96,128.42,129.04,129.04,293767
2025-05-13,129.04,130.04,128.92,129.72,129.72,111093
2025-05-14,129.56,129.78,128.7,129.46,129.46,117850
2025-05-15,128.92,129.92,128.7,129.92,129.92,148123
2025-05-16,129.92,130.7,129.86,130.7,130.7,86687
2025-05-19,129.48,130.12,128.52,130.08,130.08,120179
2025-05-20,130.02,130.66,129.8,130.24,130.24,140397
2025-05-21,129.16,129.46,128.36,129.32,129.32,96325
2025-05-22,128.42,128.52,127.42,128.42,128.42,143015
2025-05-23,128.22,128.36,126,127.14,127.14,220057
2025-05-26,127.94,128.4,127.84,128.179,128.179,80725
2025-05-27,128.32,129.1,128.039,129.08,129.08,73640
2025-05-28,129.38,129.72,128.86,129.179,129.179,61711
2025-05-29,130.7,131.1,128.48,128.6,128.6,99409
2025-05-30,128.78,129.179,128.1,128.48,128.48,87108
2025-06-02,127.84,128.28,127.1,127.96,127.96,213244
2025-06-03,128.36,129.44,127.9,129.44,129.44,100299
2025-06-04,129.72,130,129.2,129.58,129.58,68112
2025-06-05,129.62,130.16,128.58,129.679,129.679,128843
2025-06-06,129.42,130.66,129.3,130.179,130.179,74096
2025-06-09,130.179,130.58,130.02,130.28,130.28,142533
2025-06-10,130.46,130.62,130.12,130.3,130.3,79171
2025-06-11,130.74,131,130.28,130.36,130.36,102698
2025-06-12,129.46,129.52,128,129.179,129.179,100241
2025-06-13,128.02,129.1,127.86,128.58,128.58,102505
2025-06-16,128.6,129.3,128.42,129.2,129.2,209877
2025-06-17,128.6,129.1,128.179,128.86,128.86,90850
2025-06-18,128.78,129.2,128.52,128.759,128.759,98527
2025-06-19,128.44,128.48,127.52,127.62,127.62,93197
2025-06-20,128.039,128.88,127.7,128.039,128.039,85249
2025-06-23,127.6,128.5,127.56,127.76,127.76,71936
2025-06-24,129.34,129.4,128.8,129.16,129.16,50356
2025-06-25,129.6,129.74,129.059,129.08,129.08,82258
2025-06-26,128.98,129.34,128.64,129.16,129.16,69409
2025-06-27,129.679,130.1,129.36,130.1,130.1,82354
2025-06-30,130.16,130.259,129.64,129.78,129.78,133291
2025-07-01,129.88,129.88,129.059,129.58,129.58,254464
2025-07-02,130.1,130.2,129.46,129.92,129.92,73761
2025-07-03,130.2,131.259,130,131.22,131.22,74818
2025-07-04,130.52,130.539,130.039,130.28,130.28,54122
2025-07-07,130.48,131.12,130.4,130.7,130.7,166255
2025-07-08,130.5,131.059,130.4,130.74,130.74,132730
2025-07-09,130.62,131.56,130.5,131.1,131.1,130731
2025-07-10,131.1,132,131.02,132,132,106230
2025-07-11,131.759,131.759,130.92,131.28,131.28,99869
2025-07-14,131,131.48,130.8,131.44,131.44,76771
2025-07-15,132.1,132.4,131.92,132.24,132.24,148612
2025-07-16,131.48,132.44,130.4,130.4,130.4,155126
2025-07-17,132.6,133.059,132.36,133.039,133.039,133168
2025-07-18,133.14,133.14,132.48,132.58,132.58,116976
2025-07-21,132.9,133.039,132.539,132.74,132.74,105965
2025-07-22,132.32,132.539,131.759,131.88,131.88,107012
2025-07-23,132.759,133.24,132.64,133.059,133.059,129266
2025-07-24,133.4,133.6,132.96,133.259,133.259,72137
2025-07-25,133.16,133.5,132.98,133.4,133.4,79198
2025-07-28,134.32,134.62,134.179,134.539,134.539,188900
2025-07-29,135.34,135.78,135.039,135.08,135.08,147805
2025-07-30,135.059,135.96,134.9,135.7,135.7,102894
2025-07-31,136.56,137,135.539,135.9,135.9,114760
2025-08-01,134.7,134.72,131.32,132.039,132.039,335328
2025-08-04,132.539,133.6,132.52,133.44,133.44,129332
2025-08-05,134.38,134.539,133.22,133.22,133.22,110453
2025-08-06,133.96,134.08,132.92,133.46,133.46,132366
2025-08-07,133.72,134.7,133.66,133.9,133.9,118149
2025-08-08,134.08,134.56,133.98,134.2,134.2,89140
2025-08-11,134.82,135.16,134.5,135.039,135.039,123018
2025-08-12,134.98,135.34,134.52,135.02,135.02,118612
2025-08-13,135.44,135.9,135.3,135.3,135.3,81941
2025-08-14,135.679,136.1,135.34,135.92,135.92,143871
2025-08-15,136.42,136.42,135.4,135.48,135.48,132160
2025-08-18,135.679,135.96,135.44,135.8,135.8,197849
2025-08-19,135.8,136.179,135.539,135.82,135.82,88154
2025-08-20,135.52,135.66,134.42,135.08,135.08,173081
2025-08-21,135.58,135.64,134.8,135.539,135.539,77880
2025-08-22,135.5,136.56,135.44,136.4,136.4,100381
2025-08-25,136.059,136.34,135.94,136.24,136.24,162894
2025-08-26,136.16,136.22,135.78,135.98,135.98,240042
2025-08-27,136.74,137.02,136.58,136.82,136.82,77696
2025-08-28,136.82,137.039,136.22,136.539,136.539,171184
2025-08-29,136.64,136.66,135.36,135.48,135.48,131265
2025-09-01,135.58,135.88,135.48,135.88,135.88,218573
2025-09-02,135.7,135.8,134.4,134.4,134.4,161212
2025-09-03,135.56,135.86,135.28,135.3,135.3,136642
2025-09-04,135.86,136.4,135.78,136.28,136.28,83943
2025-09-05,136.96,136.96,135.059,135.56,135.56,137958
2025-09-08,136.36,136.5,136,136.44,136.44,123630
2025-09-09,136.36,136.7,136.28,136.58,136.58,138873
2025-09-10,137.64,137.88,137.3,137.38,137.38,97248
2025-09-11,137.84,138.3,137.48,138.3,138.3,88434
2025-09-12,138.2,138.6,138,138.34,138.34,73026
2025-09-15,138.52,138.759,138.22,138.58,138.58,182040
2025-09-16,138.52,138.66,137.44,137.539,137.539,94838
2025-09-17,137.679,137.9,137.44,137.64,137.64,102476
2025-09-18,138.4,139.2,138.16,138.96,138.96,83633
2025-09-19,138.759,139.38,138.56,139.039,139.039,108562
2025-09-22,139.32,139.36,138.7,139.28,139.28,193813
2025-09-23,139.42,139.78,139.259,139.52,139.52,139739
2025-09-24,139.16,139.66,138.94,139.34,139.34,100937
2025-09-25,138.96,139.22,138.259,139.14,139.14,124656
2025-09-26,139.02,139.6,138.78,139.059,139.059,149216
2025-09-29,139.72,140.02,139.44,139.6,139.6,97070
2025-09-30,139.44,139.74,139.14,139.46,139.46,115270
2025-10-01,138.92,140.5,138.8,140.5,140.5,226311
2025-10-02,141.02,141.32,140.82,141.059,141.059,91676
2025-10-03,141.6,141.74,141.2,141.66,141.66,112730
2025-10-06,142.1,142.62,141.86,142.179,142.179,150586
2025-10-07,142.179,142.78,141.9,141.9,141.9,209214
2025-10-08,142.44,143.179,142.36,143.16,143.16,136286
2025-10-09,143.22,143.4,142.9,143.16,143.16,138500
2025-10-10,143.02,143.44,140.08,140.12,140.12,143055
2025-10-13,140.679,141.5,140.539,141.44,141.44,403043
2025-10-14,140.3,140.84,139.58,140.84,140.84,199343
2025-10-15,141.5,142.44,141.34,141.679,141.679,155376
2025-10-16,141.78,142.179,141.48,141.74,141.74,110923
2025-10-17,138.86,141.16,138.24,140.1,140.1,203396
2025-10-20,141.86,142.8,141.539,142.66,142.66,127731
2025-10-21,142.8,143.259,142.7,143.12,143.12,142502
2025-10-22,143.1,143.42,142.3,142.38,142.38,123138
2025-10-23,142.9,143.1,142.36,143,143,107672
2025-10-24,143.56,144.12,143.24,144.1,144.1,96556
2025-10-27,145.08,145.1,144.759,145.039,145.039,209776
2025-10-28,144.82,145.539,144.679,145.22,145.22,95847
2025-10-29,145.9,146.02,145.4,145.6,145.6,110483
2025-10-30,145.64,145.88,145.059,145.66,145.66,155537
2025-10-31,145.84,146.1,145.28,145.539,145.539,118618
2025-11-03,145.78,146.58,145.5,145.78,145.78,321833
2025-11-04,144.52,145.64,144.059,145.259,145.259,151333
2025-11-05,144.259,145.48,144.14,145.46,145.46,142365
2025-11-06,144.8,145.24,143.36,143.36,143.36,193216
2025-11-07,143.88,143.92,141.48,141.539,141.539,157159
2025-11-10,144.259,145,144.12,144.539,144.539,150922
2025-11-11,145.16,145.3,144.72,145.02,145.02,131621
2025-11-12,146,146.4,145.42,145.74,145.74,113278
2025-11-13,145.82,145.94,143.759,143.82,143.82,171618
2025-11-14,142.86,143.82,141.46,143.679,143.679,221895
2025-11-17,143.98,144.039,142.5,143.02,143.02,233679
2025-11-18,141.14,141.64,140.059,141.179,141.179,202108
2025-11-19,140.92,142.44,140.759,141.38,141.38,196212
2025-11-20,143.4,144.059,142.22,142.22,142.22,208006
2025-11-21,139.92,140.8,139.2,140.8,140.8,224298
2025-11-24,141.62,142.66,140.9,142.46,142.46,170608
2025-11-25,142.64,142.8,141.5,142.8,142.8,86050
2025-11-26,143.88,144.44,143.52,144.42,144.42,114053
